actualEarnClosedEpochNavUsdgRaw,closedWriterAssetsUsdgRaw,closedWriterStockRaw,closedWriterUsdgRaw,collateralUsdgRaw,endIndex,expiry,expiryPriceE18,fillDeadline,filled,number,offerTimestamp,optionDeskFeesUsdgRaw,payoutAtExpiryUsdgRaw,premiumUsdgRaw,profile,put,signedSettledOptionPnlUsdgRaw,sizeRaw,startIndex,state,strikeUsdgRaw,ticker
0,10334494092,16687804824510802241,57142858,0,5,1800691200,615859985350000000000,1800000300,True,1,1800000000,0,0,57142858,netshare,False,57142858,16687804824510802241,0,6,629201990,META
0,10334290528,16687804824510802241,108504040,0,10,1801296000,612770019530000000000,1800691801,True,2,1800691501,0,0,51361182,netshare,False,51361182,16687804824510802241,5,6,646652985,META
0,10896683351,16582612838346983277,159607527,0,14,1801900800,647489990230000000000,1801296601,True,3,1801296301,0,68110758,51103487,netshare,False,-17007271,16687804824510802241,10,7,643408521,META
0,11487195819,16358469124289702579,213266188,0,19,1802505600,689179992680000000000,1801901401,True,4,1801901101,0,154475363,53658661,netshare,False,-100816702,16582612838346983277,14,7,679864490,META
0,11958061460,16358469124289702579,269607782,0,24,1803110400,714520019530000000000,1802506201,True,5,1802505901,0,0,56341594,netshare,False,56341594,16358469124289702579,19,6,723638993,META
0,12378814135,16358469124289702579,328020965,0,29,1803715200,736669982910000000000,1803111001,True,6,1803110701,0,0,58413183,netshare,False,58413183,16358469124289702579,24,6,750246021,META
0,11570076314,16358469124289702579,388244944,0,33,1804320000,683549987790000000000,1803715801,True,7,1803715501,0,0,60223979,netshare,False,60223979,16358469124289702579,29,6,773503483,META
0,11374855544,16358469124289702579,444126276,0,38,1804924800,668200012210000000000,1804320601,True,8,1804320301,0,0,55881332,netshare,False,55881332,16358469124289702579,33,6,717727488,META
0,10733592075,16358469124289702579,498752723,0,43,1805529600,625659973140000000000,1804925401,True,9,1804925101,0,0,54626447,netshare,False,54626447,16358469124289702579,38,6,701610013,META
0,10489306892,16358469124289702579,549901452,0,48,1806134400,607599975590000000000,1805530201,True,10,1805529901,0,0,51148729,netshare,False,51148729,16358469124289702579,43,6,656942972,META
0,10353310961,16358469124289702579,599573746,0,53,1806739200,596250000000000000000,1806135001,True,11,1806134701,0,0,49672294,netshare,False,49672294,16358469124289702579,48,6,637979975,META
0,10082901483,16358469124289702579,648318161,0,58,1807344000,576739990230000000000,1806739801,True,12,1806739501,0,0,48744415,netshare,False,48744415,16358469124289702579,53,6,626062500,META
0,8952077901,16358469124289702579,695467601,0,63,1807948800,504730010990000000000,1807344601,True,13,1807344301,0,0,47149440,netshare,False,47149440,16358469124289702579,58,6,605576990,META
0,9406170935,15949078705255914081,736730107,0,68,1808553600,543570007320000000000,1807949401,True,14,1807949101,0,222532353,41262506,netshare,False,-181269847,16358469124289702579,63,7,529966512,META
0,8772007445,15949078705255914081,773863281,0,72,1809072000,501480010990000000000,1808554201,True,15,1808553901,0,0,37133174,netshare,False,37133174,15949078705255914081,68,6,570748508,META
0,9217598448,15345352546996123766,819547060,0,77,1809763200,547270019530000000000,1809072601,True,16,1809072301,0,330401226,45683779,netshare,False,-284717447,15949078705255914081,72,7,526554012,META
0,9679470392,14769946876884710583,861516420,0,82,1810368000,597020019530000000000,1809763801,True,17,1809763501,0,343528704,41969360,netshare,False,-301559344,15345352546996123766,77,7,574633521,META
0,9656629928,14769946876884710583,905584248,0,87,1810972800,592489990230000000000,1810368601,True,18,1810368301,0,0,44067828,netshare,False,44067828,14769946876884710583,82,6,626871021,META
0,10137915681,14349560539013103194,949317701,0,92,1811577600,640340026860000000000,1810973401,True,19,1810973101,0,269190198,43733453,netshare,False,-225456745,14769946876884710583,87,7,622114490,META
0,9993273222,14349560539013103194,995237826,0,97,1812182400,627059997560000000000,1811578201,True,20,1811577901,0,0,45920125,netshare,False,45920125,14349560539013103194,92,6,672357029,META
0,10331402426,14349560539013103194,1040205613,0,101,1812787200,647489990230000000000,1812183001,True,21,1812182701,0,0,44967787,netshare,False,44967787,14349560539013103194,97,6,658412998,META
0,10842395148,13982537678902376703,1086638477,0,106,1813392000,697710021970000000000,1812787801,True,22,1812787501,0,256075527,46432864,netshare,False,-209642663,14349560539013103194,101,7,679864490,META
0,10683648420,13982537678902376703,1135392984,0,111,1813996800,682869995120000000000,1813392601,True,23,1813392301,0,0,48754507,netshare,False,48754507,13982537678902376703,106,6,732595524,META
0,10724094745,13982537678902376703,1183110502,0,115,1814601600,682349975590000000000,1813997401,True,24,1813997101,0,0,47717518,netshare,False,47717518,13982537678902376703,111,6,717013495,META
0,11248825158,13655430408071950405,1230791682,0,120,1815206400,733630004880000000000,1814602201,True,25,1814601901,0,239975708,47681180,netshare,False,-192294528,13982537678902376703,115,7,716467475,META
0,11092092334,13655430408071950405,1273701183,0,124,1815724800,719010009770000000000,1815207001,True,26,1815206701,0,0,42909501,netshare,False,42909501,13655430408071950405,120,6,770311506,META
0,11127689848,13655430408071950405,1329781843,0,129,1816416000,717510009770000000000,1815725401,True,27,1815725101,0,0,56080660,netshare,False,56080660,13655430408071950405,124,6,754960511,META
0,10995993929,13655430408071950405,1378747002,0,134,1817020800,704280029300000000000,1816416601,True,28,1816416301,0,0,48965159,netshare,False,48965159,13655430408071950405,129,6,753385511,META
0,11158761348,13655430408071950405,1426809305,0,139,1817625600,712679992680000000000,1817021401,True,29,1817021101,0,0,48062303,netshare,False,48062303,13655430408071950405,134,6,739494031,META
0,11693994513,13624551048888656417,1475444848,0,144,1818230400,750010009770000000000,1817626201,True,30,1817625901,0,23159828,48635543,netshare,False,25475715,13655430408071950405,139,7,748313993,META
0,12007879124,13624551048888656417,1526512169,0,149,1818835200,769299987790000000000,1818231001,True,31,1818230701,0,0,51067321,netshare,False,51067321,13624551048888656417,144,6,787510511,META
0,12277298876,13624551048888656417,1578892922,0,154,1819440000,785229980470000000000,1818835801,True,32,1818835501,0,0,52380753,netshare,False,52380753,13624551048888656417,149,6,807764988,META
0,11916032916,13624551048888656417,1632358330,0,159,1820044800,754789978030000000000,1819440601,True,33,1819440301,0,0,53465408,netshare,False,53465408,13624551048888656417,154,6,824491480,META
0,11748207139,13624551048888656417,1683751113,0,164,1820649600,738700012210000000000,1820045401,True,34,1820045101,0,0,51392783,netshare,False,51392783,13624551048888656417,159,6,792529477,META
0,11985841952,13624551048888656417,1734048349,0,168,1821254400,752450012210000000000,1820650201,True,35,1820649901,0,0,50297236,netshare,False,50297236,13624551048888656417,164,6,775635013,META
0,12079856699,13624551048888656417,1785281807,0,173,1821859200,755590026860000000000,1821255001,True,36,1821254701,0,0,51233458,netshare,False,51233458,13624551048888656417,168,6,790072513,META
0,12441807176,13624551048888656417,1836729065,0,178,1822464000,778380004880000000000,1821859801,True,37,1821859501,0,0,51447258,netshare,False,51447258,13624551048888656417,173,6,793369529,META
0,12022987908,13624551048888656417,1889728066,0,183,1823068800,743750000000000000000,1822464601,True,38,1822464301,0,0,52999001,netshare,False,52999001,13624551048888656417,178,6,817299006,META
0,11621430110,13624551048888656417,1940369150,0,188,1823673600,710559997560000000000,1823069401,True,39,1823069101,0,0,50641084,netshare,False,50641084,13624551048888656417,183,6,780937500,META
0,11598146053,13624551048888656417,1988750365,0,193,1824278400,705299987790000000000,1823674201,True,40,1823673901,0,0,48381215,netshare,False,48381215,13624551048888656417,188,6,746087998,META
0,11804486337,13624551048888656417,2036773432,0,198,1824883200,716919982910000000000,1824279001,True,41,1824278701,0,0,48023067,netshare,False,48023067,13624551048888656417,193,6,740564988,META
0,12145411003,13624551048888656417,2085587691,0,203,1825488000,738359985350000000000,1824883801,True,42,1824883501,0,0,48814259,netshare,False,48814259,13624551048888656417,198,6,752765983,META
0,10969339114,13624551048888656417,2135861775,0,208,1826092800,648349975590000000000,1825488601,True,43,1825488301,0,0,50274084,netshare,False,50274084,13624551048888656417,203,6,775277985,META
0,10650527112,13624551048888656417,2180007181,0,213,1826697600,621710021970000000000,1826093401,True,44,1826093101,0,0,44145406,netshare,False,44145406,13624551048888656417,208,6,680767475,META
0,10525957884,13624551048888656417,2222338703,0,218,1827302400,609460021970000000000,1826698201,True,45,1826697901,0,0,42331522,netshare,False,42331522,13624551048888656417,213,6,652795524,META
0,10360225596,13624551048888656417,2263836136,0,223,1827907200,594250000000000000000,1827303001,True,46,1827302701,0,0,41497433,netshare,False,41497433,13624551048888656417,218,6,639933024,META
0,10805506873,13120161704452886529,2304297937,0,227,1828512000,647950012210000000000,1827907801,True,47,1827907501,0,326819081,40461801,netshare,False,-286357280,13624551048888656417,223,7,623962500,META
0,11182161898,13120161704452886529,2346782828,0,232,1829116800,673419982910000000000,1828512601,True,48,1828512301,0,0,42484891,netshare,False,42484891,13120161704452886529,227,6,680347513,META
0,10843339256,13120161704452886529,2390937738,0,237,1829721600,644229980470000000000,1829117401,True,49,1829117101,0,0,44154910,netshare,False,44154910,13120161704452886529,232,6,707090983,META
0,11076347895,13120161704452886529,2433178713,0,242,1830326400,658770019530000000000,1829722201,True,50,1829721901,0,0,42240975,netshare,False,42240975,13120161704452886529,237,6,676441480,META
0,11178844820,13120161704452886529,2476373052,0,246,1830931200,663289978030000000000,1830327001,True,51,1830326701,0,0,43194339,netshare,False,43194339,13120161704452886529,242,6,691708521,META
0,11167919544,13120161704452886529,2507431653,0,249,1831363200,660090026860000000000,1830931801,True,52,1830931501,0,0,31058601,netshare,False,31058601,13120161704452886529,246,6,696454477,META
10334494092,10334494092,16687804824510802241,57142858,0,5,1800691200,615859985350000000000,1800000300,True,1,1800000000,0,0,57142858,no_exercise,False,57142858,16687804824510802241,0,6,629201990,META
10334290528,10334290528,16687804824510802241,108504040,0,10,1801296000,612770019530000000000,1800691801,True,2,1800691501,0,0,51361182,no_exercise,False,51361182,16687804824510802241,5,6,646652985,META
10964794109,10964794109,16687804824510802241,159607527,0,14,1801900800,647489990230000000000,1801296601,True,3,1801296301,0,0,51103487,no_exercise,False,51103487,16687804824510802241,10,8,643408521,META
11713864613,11713864613,16687804824510802241,212963407,0,19,1802505600,689179992680000000000,1801908601,True,4,1801908301,0,0,53355880,no_exercise,False,53355880,16687804824510802241,14,8,679864490,META
12193525346,12193525346,16687804824510802241,269754717,0,24,1803110400,714520019530000000000,1802513401,True,5,1802513101,0,0,56791310,no_exercise,False,56791310,16687804824510802241,19,6,723638993,META
12622748793,12622748793,16687804824510802241,329343899,0,29,1803715200,736669982910000000000,1803111001,True,6,1803110701,0,0,59589182,no_exercise,False,59589182,16687804824510802241,24,6,750246021,META
11797729117,11797729117,16687804824510802241,390780333,0,33,1804320000,683549987790000000000,1803715801,True,7,1803715501,0,0,61436434,no_exercise,False,61436434,16687804824510802241,29,6,773503483,META
11598578079,11598578079,16687804824510802241,447786692,0,38,1804924800,668200012210000000000,1804320601,True,8,1804320301,0,0,57006359,no_exercise,False,57006359,16687804824510802241,33,6,717727488,META
10944404420,10944404420,16687804824510802241,503512902,0,43,1805529600,625659973140000000000,1804925401,True,9,1804925101,0,0,55726210,no_exercise,False,55726210,16687804824510802241,38,6,701610013,META
10695201183,10695201183,16687804824510802241,555691379,0,48,1806134400,607599975590000000000,1805530201,True,10,1805529901,0,0,52178477,no_exercise,False,52178477,16687804824510802241,43,6,656942972,META
10556467323,10556467323,16687804824510802241,606363697,0,53,1806739200,596250000000000000000,1806135001,True,11,1806134701,0,0,50672318,no_exercise,False,50672318,16687804824510802241,48,6,637979975,META
10280613847,10280613847,16687804824510802241,656089456,0,58,1807344000,576739990230000000000,1806739801,True,12,1806739501,0,0,49725759,no_exercise,False,49725759,16687804824510802241,53,6,626062500,META
9127024041,9127024041,16687804824510802241,704188129,0,63,1807948800,504730010990000000000,1807344601,True,13,1807344301,0,0,48098673,no_exercise,False,48098673,16687804824510802241,58,6,605576990,META
9817271539,9817271539,16687804824510802241,746281349,0,68,1808553600,543570007320000000000,1807949401,True,14,1807949101,0,0,42093220,no_exercise,False,42093220,16687804824510802241,63,8,529966512,META
9153195055,9153195055,16687804824510802241,784594509,0,72,1809072000,501480010990000000000,1808561401,True,15,1808561101,0,0,38313160,no_exercise,False,38313160,16687804824510802241,68,6,570748508,META
9965129531,9965129531,16687804824510802241,832394259,0,77,1809763200,547270019530000000000,1809072601,True,16,1809072301,0,0,47799750,no_exercise,False,47799750,16687804824510802241,72,8,526554012,META
10840445157,10840445157,16687804824510802241,877491595,0,82,1810368000,597020019530000000000,1809771001,True,17,1809770701,0,0,45097336,no_exercise,False,45097336,16687804824510802241,77,8,574633521,META
10814045855,10814045855,16687804824510802241,926688538,0,87,1810972800,592489990230000000000,1810375801,True,18,1810375501,0,0,49196943,no_exercise,False,49196943,16687804824510802241,82,6,626871021,META
11661970110,11661970110,16687804824510802241,976100721,0,92,1811577600,640340026860000000000,1810973401,True,19,1810973101,0,0,49412183,no_exercise,False,49412183,16687804824510802241,87,8,622114490,META
11493122266,11493122266,16687804824510802241,1028867414,0,97,1812182400,627059997560000000000,1811585401,True,20,1811585101,0,0,52766693,no_exercise,False,52766693,16687804824510802241,92,6,672357029,META
11886349231,11886349231,16687804824510802241,1081162649,0,101,1812787200,647489990230000000000,1812183001,True,21,1812182701,0,0,52295235,no_exercise,False,52295235,16687804824510802241,97,6,658412998,META
12778410365,12778410365,16687804824510802241,1135161695,0,106,1813392000,697710021970000000000,1812787801,True,22,1812787501,0,0,53999046,no_exercise,False,53999046,16687804824510802241,101,8,679864490,META
12588257114,12588257114,16687804824510802241,1192655915,0,111,1813996800,682869995120000000000,1813399801,True,23,1813399501,0,0,57494220,no_exercise,False,57494220,16687804824510802241,106,6,732595524,META
12636528778,12636528778,16687804824510802241,1249605564,0,115,1814601600,682349975590000000000,1813997401,True,24,1813997101,0,0,56949649,no_exercise,False,56949649,16687804824510802241,111,6,717013495,META
13549186179,13549186179,16687804824510802241,1306511845,0,120,1815206400,733630004880000000000,1814602201,True,25,1814601901,0,0,56906281,no_exercise,False,56906281,16687804824510802241,115,8,716467475,META
13356919963,13356919963,16687804824510802241,1358221254,0,124,1815724800,719010009770000000000,1815214201,True,26,1815213901,0,0,51709409,no_exercise,False,51709409,16687804824510802241,120,6,770311506,META
13400422391,13400422391,16687804824510802241,1426755389,0,129,1816416000,717510009770000000000,1815725401,True,27,1815725101,0,0,68534135,no_exercise,False,68534135,16687804824510802241,124,6,754960511,META
13239481599,13239481599,16687804824510802241,1486593929,0,134,1817020800,704280029300000000000,1816416601,True,28,1816416301,0,0,59838540,no_exercise,False,59838540,16687804824510802241,129,6,753385511,META
13438393742,13438393742,16687804824510802241,1545329122,0,139,1817625600,712679992680000000000,1817021401,True,29,1817021101,0,0,58735193,no_exercise,False,58735193,16687804824510802241,134,6,739494031,META
14120785510,14120785510,16687804824510802241,1604764851,0,144,1818230400,750010009770000000000,1817626201,True,30,1817625901,0,0,59435729,no_exercise,False,59435729,16687804824510802241,139,8,748313993,META
14504496855,14504496855,16687804824510802241,1666568808,0,149,1818835200,769299987790000000000,1818238201,True,31,1818237901,0,0,61803957,no_exercise,False,61803957,16687804824510802241,144,6,787510511,META
14834491159,14834491159,16687804824510802241,1730726503,0,154,1819440000,785229980470000000000,1818835801,True,32,1818835501,0,0,64157695,no_exercise,False,64157695,16687804824510802241,149,6,807764988,META
14392000555,14392000555,16687804824510802241,1796212719,0,159,1820044800,754789978030000000000,1819440601,True,33,1819440301,0,0,65486216,no_exercise,False,65486216,16687804824510802241,154,6,824491480,META
14186441942,14186441942,16687804824510802241,1859160315,0,164,1820649600,738700012210000000000,1820045401,True,34,1820045101,0,0,62947596,no_exercise,False,62947596,16687804824510802241,159,6,792529477,META
14477504991,14477504991,16687804824510802241,1920766048,0,168,1821254400,752450012210000000000,1820650201,True,35,1820649901,0,0,61605733,no_exercise,False,61605733,16687804824510802241,164,6,775635013,META
14592657392,14592657392,16687804824510802241,1983518497,0,173,1821859200,755590026860000000000,1821255001,True,36,1821254701,0,0,62752449,no_exercise,False,62752449,16687804824510802241,168,6,790072513,META
15035986415,15035986415,16687804824510802241,2046532815,0,178,1822464000,778380004880000000000,1821859801,True,37,1821859501,0,0,63014318,no_exercise,False,63014318,16687804824510802241,173,6,793369529,META
14523002598,14523002598,16687804824510802241,2111447760,0,183,1823068800,743750000000000000000,1822464601,True,38,1822464301,0,0,64914945,no_exercise,False,64914945,16687804824510802241,178,6,817299006,META
14031161204,14031161204,16687804824510802241,2173474649,0,188,1823673600,710559997560000000000,1823069401,True,39,1823069101,0,0,62026889,no_exercise,False,62026889,16687804824510802241,183,6,780937500,META
14002642113,14002642113,16687804824510802241,2232733575,0,193,1824278400,705299987790000000000,1823674201,True,40,1823673901,0,0,59258926,no_exercise,False,59258926,16687804824510802241,188,6,746087998,META
14255374579,14255374579,16687804824510802241,2291553830,0,198,1824883200,716919982910000000000,1824279001,True,41,1824278701,0,0,58820255,no_exercise,False,58820255,16687804824510802241,193,6,740564988,META
14672950488,14672950488,16687804824510802241,2351343163,0,203,1825488000,738359985350000000000,1824883801,True,42,1824883501,0,0,59789333,no_exercise,False,59789333,16687804824510802241,198,6,752765983,META
13232458389,13232458389,16687804824510802241,2412920539,0,208,1826092800,648349975590000000000,1825488601,True,43,1825488301,0,0,61577376,no_exercise,False,61577376,16687804824510802241,203,6,775277985,META
12841966809,12841966809,16687804824510802241,2466991305,0,213,1826697600,621710021970000000000,1826093401,True,44,1826093101,0,0,54070766,no_exercise,False,54070766,16687804824510802241,208,6,680767475,META
12689390260,12689390260,16687804824510802241,2518840366,0,218,1827302400,609460021970000000000,1826698201,True,45,1826697901,0,0,51849061,no_exercise,False,51849061,16687804824510802241,213,6,652795524,META
12486395823,12486395823,16687804824510802241,2569667807,0,223,1827907200,594250000000000000000,1827303001,True,46,1827302701,0,0,50827441,no_exercise,False,50827441,16687804824510802241,218,6,639933024,META
13432090110,13432090110,16687804824510802241,2619226771,0,227,1828512000,647950012210000000000,1827907801,True,47,1827907501,0,0,49558964,no_exercise,False,49558964,16687804824510802241,223,8,623962500,META
13910521797,13910521797,16687804824510802241,2672620558,0,232,1829116800,673419982910000000000,1828519801,True,48,1828519501,0,0,53393787,no_exercise,False,53393787,16687804824510802241,227,6,680347513,META
13479566276,13479566276,16687804824510802241,2728782100,0,237,1829721600,644229980470000000000,1829117401,True,49,1829117101,0,0,56161542,no_exercise,False,56161542,16687804824510802241,232,6,707090983,META
13775934779,13775934779,16687804824510802241,2782509269,0,242,1830326400,658770019530000000000,1829722201,True,50,1829721901,0,0,53727169,no_exercise,False,53727169,16687804824510802241,237,6,676441480,META
13906302736,13906302736,16687804824510802241,2837449041,0,246,1830931200,663289978030000000000,1830327001,True,51,1830326701,0,0,54939772,no_exercise,False,54939772,16687804824510802241,242,6,691708521,META
13892406652,13892406652,16687804824510802241,2876953118,0,249,1831363200,660090026860000000000,1830931801,True,52,1830931501,0,0,39504077,no_exercise,False,39504077,16687804824510802241,246,6,696454477,META
9999999999,9999999999,16687804824510802241,0,0,0,1800691200,0,1800000300,False,1,1800000000,0,0,57142858,no_fill,False,0,16687804824510802241,0,2,629201990,META
10277351234,10277351234,16687804824510802241,0,0,5,1801296000,0,1800691500,False,2,1800691200,0,0,51386757,no_fill,False,0,16687804824510802241,5,2,646652985,META
10225786488,10225786488,16687804824510802241,0,0,10,1801900800,0,1801296300,False,3,1801296000,0,0,51128933,no_fill,False,0,16687804824510802241,10,2,643408521,META
10805186582,10805186582,16687804824510802241,0,0,14,1802505600,0,1801901100,False,4,1801900800,0,0,54025933,no_fill,False,0,16687804824510802241,14,2,679864490,META
11500901206,11500901206,16687804824510802241,0,0,19,1803110400,0,1802505900,False,5,1802505600,0,0,57504507,no_fill,False,0,16687804824510802241,19,2,723638993,META
11923770629,11923770629,16687804824510802241,0,0,24,1803715200,0,1803110700,False,6,1803110400,0,0,59618854,no_fill,False,0,16687804824510802241,24,2,750246021,META
12293404894,12293404894,16687804824510802241,0,0,29,1804320000,0,1803715500,False,7,1803715200,0,0,61467025,no_fill,False,0,16687804824510802241,29,2,773503483,META
11406948784,11406948784,16687804824510802241,0,0,33,1804924800,0,1804320300,False,8,1804320000,0,0,57034744,no_fill,False,0,16687804824510802241,33,2,717727488,META
11150791387,11150791387,16687804824510802241,0,0,38,1805529600,0,1804925100,False,9,1804924800,0,0,55753957,no_fill,False,0,16687804824510802241,38,2,701610013,META
10440891518,10440891518,16687804824510802241,0,0,43,1806134400,0,1805529900,False,10,1805529600,0,0,52204458,no_fill,False,0,16687804824510802241,43,2,656942972,META
10139509804,10139509804,16687804824510802241,0,0,48,1806739200,0,1806134700,False,11,1806134400,0,0,50697550,no_fill,False,0,16687804824510802241,48,2,637979975,META
9950103626,9950103626,16687804824510802241,0,0,53,1807344000,0,1806739500,False,12,1806739200,0,0,49750519,no_fill,False,0,16687804824510802241,53,2,626062500,META
9624524391,9624524391,16687804824510802241,0,0,58,1807948800,0,1807344300,False,13,1807344000,0,0,48122622,no_fill,False,0,16687804824510802241,58,2,605576990,META
8422835912,8422835912,16687804824510802241,0,0,63,1808553600,0,1807949100,False,14,1807948800,0,0,42114180,no_fill,False,0,16687804824510802241,63,2,529966512,META
9070990190,9070990190,16687804824510802241,0,0,68,1809072000,0,1808553900,False,15,1808553600,0,0,38875673,no_fill,False,0,16687804824510802241,68,2,570748508,META
8368600546,8368600546,16687804824510802241,0,0,72,1809763200,0,1809072300,False,16,1809072000,0,0,47820575,no_fill,False,0,16687804824510802241,72,2,526554012,META
9132735272,9132735272,16687804824510802241,0,0,77,1810368000,0,1809763500,False,17,1809763200,0,0,45663677,no_fill,False,0,16687804824510802241,77,2,574633521,META
9962953562,9962953562,16687804824510802241,0,0,82,1810972800,0,1810368300,False,18,1810368000,0,0,49814768,no_fill,False,0,16687804824510802241,82,2,626871021,META
9887357317,9887357317,16687804824510802241,0,0,87,1811577600,0,1810973100,False,19,1810972800,0,0,49436787,no_fill,False,0,16687804824510802241,87,2,622114490,META
10685869389,10685869389,16687804824510802241,0,0,92,1812182400,0,1811577900,False,20,1811577600,0,0,53429347,no_fill,False,0,16687804824510802241,92,2,672357029,META
10464254852,10464254852,16687804824510802241,0,0,97,1812787200,0,1812182700,False,21,1812182400,0,0,52321275,no_fill,False,0,16687804824510802241,97,2,658412998,META
10805186582,10805186582,16687804824510802241,0,0,101,1813392000,0,1812787500,False,22,1812787200,0,0,54025933,no_fill,False,0,16687804824510802241,101,2,679864490,META
11643248670,11643248670,16687804824510802241,0,0,106,1813996800,0,1813392300,False,23,1813392000,0,0,58216244,no_fill,False,0,16687804824510802241,106,2,732595524,META
11395601199,11395601199,16687804824510802241,0,0,111,1814601600,0,1813997100,False,24,1813996800,0,0,56978006,no_fill,False,0,16687804824510802241,111,2,717013495,META
11386923214,11386923214,16687804824510802241,0,0,115,1815206400,0,1814601900,False,25,1814601600,0,0,56934617,no_fill,False,0,16687804824510802241,115,2,716467475,META
12242674334,12242674334,16687804824510802241,0,0,120,1815724800,0,1815206700,False,26,1815206400,0,0,52468605,no_fill,False,0,16687804824510802241,120,2,770311506,META
11998698709,11998698709,16687804824510802241,0,0,124,1816416000,0,1815725100,False,27,1815724800,0,0,68563993,no_fill,False,0,16687804824510802241,124,2,754960511,META
11973667002,11973667002,16687804824510802241,0,0,129,1817020800,0,1816416300,False,28,1816416000,0,0,59868336,no_fill,False,0,16687804824510802241,129,2,753385511,META
11752887670,11752887670,16687804824510802241,0,0,134,1817625600,0,1817021100,False,29,1817020800,0,0,58764439,no_fill,False,0,16687804824510802241,134,2,739494031,META
11893064620,11893064620,16687804824510802241,0,0,139,1818230400,0,1817625900,False,30,1817625600,0,0,59465324,no_fill,False,0,16687804824510802241,139,2,748313993,META
12516020659,12516020659,16687804824510802241,0,0,144,1818835200,0,1818230700,False,31,1818230400,0,0,62580104,no_fill,False,0,16687804824510802241,144,2,787510511,META
12837928047,12837928047,16687804824510802241,0,0,149,1819440000,0,1818835500,False,32,1818835200,0,0,64189641,no_fill,False,0,16687804824510802241,149,2,807764988,META
13103764656,13103764656,16687804824510802241,0,0,154,1820044800,0,1819440300,False,33,1819440000,0,0,65518824,no_fill,False,0,16687804824510802241,154,2,824491480,META
12595787836,12595787836,16687804824510802241,0,0,159,1820649600,0,1820045100,False,34,1820044800,0,0,62978940,no_fill,False,0,16687804824510802241,159,2,792529477,META
12327281627,12327281627,16687804824510802241,0,0,164,1821254400,0,1820649900,False,35,1820649600,0,0,61636409,no_fill,False,0,16687804824510802241,164,2,775635013,META
12556738943,12556738943,16687804824510802241,0,0,168,1821859200,0,1821254700,False,36,1821254400,0,0,62783695,no_fill,False,0,16687804824510802241,168,2,790072513,META
12609138895,12609138895,16687804824510802241,0,0,173,1822464000,0,1821859500,False,37,1821859200,0,0,63045695,no_fill,False,0,16687804824510802241,173,2,793369529,META
12989453600,12989453600,16687804824510802241,0,0,178,1823068800,0,1822464300,False,38,1822464000,0,0,64947268,no_fill,False,0,16687804824510802241,178,2,817299006,META
12411554838,12411554838,16687804824510802241,0,0,183,1823673600,0,1823069100,False,39,1823068800,0,0,62057775,no_fill,False,0,16687804824510802241,183,2,780937500,META
11857686555,11857686555,16687804824510802241,0,0,188,1824278400,0,1823673900,False,40,1823673600,0,0,59288433,no_fill,False,0,16687804824510802241,188,2,746087998,META
11769908538,11769908538,16687804824510802241,0,0,193,1824883200,0,1824278700,False,41,1824278400,0,0,58849543,no_fill,False,0,16687804824510802241,193,2,740564988,META
11963820749,11963820749,16687804824510802241,0,0,198,1825488000,0,1824883500,False,42,1824883200,0,0,59819104,no_fill,False,0,16687804824510802241,198,2,752765983,META
12321607325,12321607325,16687804824510802241,0,0,203,1826092800,0,1825488300,False,43,1825488000,0,0,61608037,no_fill,False,0,16687804824510802241,203,2,775277985,META
10819537850,10819537850,16687804824510802241,0,0,208,1826697600,0,1826093100,False,44,1826092800,0,0,54097690,no_fill,False,0,16687804824510802241,208,2,680767475,META
10374975504,10374975504,16687804824510802241,0,0,213,1827302400,0,1826697900,False,45,1826697600,0,0,51874878,no_fill,False,0,16687804824510802241,213,2,652795524,META
10170549894,10170549894,16687804824510802241,0,0,218,1827907200,0,1827302700,False,46,1827302400,0,0,50852750,no_fill,False,0,16687804824510802241,218,2,639933024,META
9916728016,9916728016,16687804824510802241,0,0,223,1828512000,0,1827907500,False,47,1827907200,0,0,49583641,no_fill,False,0,16687804824510802241,223,2,623962500,META
10812863339,10812863339,16687804824510802241,0,0,227,1829116800,0,1828512300,False,48,1828512000,0,0,54064317,no_fill,False,0,16687804824510802241,227,2,680347513,META
11237901239,11237901239,16687804824510802241,0,0,232,1829721600,0,1829117100,False,49,1829116800,0,0,56189507,no_fill,False,0,16687804824510802241,232,2,707090983,META
10750784176,10750784176,16687804824510802241,0,0,237,1830326400,0,1829721900,False,50,1829721600,0,0,53753921,no_fill,False,0,16687804824510802241,237,2,676441480,META
10993425510,10993425510,16687804824510802241,0,0,242,1830931200,0,1830326700,False,51,1830326400,0,0,54967128,no_fill,False,0,16687804824510802241,242,2,691708521,META
11068853695,11068853695,16687804824510802241,0,0,246,1831363200,0,1830931500,False,52,1830931200,0,0,39531621,no_fill,False,0,16687804824510802241,246,2,696454477,META
10334494092,10334494092,16687804824510802241,57142858,0,5,1800691200,615859985350000000000,1800000300,True,1,1800000000,0,0,57142858,physical,False,57142858,16687804824510802241,0,6,629201990,META
10334290528,10334290528,16687804824510802241,108504040,0,10,1801296000,612770019530000000000,1800691801,True,2,1800691501,0,0,51361182,physical,False,51361182,16687804824510802241,5,6,646652985,META
10896683348,10896683348,0,10896683348,0,14,1801900800,647489990230000000000,1801296601,True,3,1801296301,0,68110761,51103487,physical,False,-17007274,16687804824510802241,10,5,643408521,META
10334494092,10334494092,16687804824510802241,57142858,0,5,1800691200,615859985350000000000,1800000300,True,1,1800000000,0,0,57142858,premium_reinvest,False,57142858,16687804824510802241,0,6,629201990,META
10334117971,10334117971,16780311937093579494,51645898,0,10,1801296000,612770019530000000000,1800691801,True,2,1800691501,0,0,51645898,premium_reinvest,False,51645898,16780311937093579494,5,6,646652985,META
10902305294,10902305294,0,10902305294,0,14,1801900800,647489990230000000000,1801296601,True,3,1801296301,0,68831291,51644100,premium_reinvest,False,-17187191,16864341766163046730,10,5,643408521,META
10904982138,10904982138,0,10904982138,0,19,1802505600,689179992680000000000,1801901401,True,4,1801901101,0,740779,257318,premium_reinvest,False,-483461,79521178360935169,14,5,679864490,META
10334494092,10334494092,16687804824510802241,57142858,0,5,1800691200,615859985350000000000,1800000300,True,1,1800000000,0,0,57142858,wheel,False,57142858,16687804824510802241,0,6,629201990,META
10334290528,10334290528,16687804824510802241,108504040,0,10,1801296000,612770019530000000000,1800691801,True,2,1800691501,0,0,51361182,wheel,False,51361182,16687804824510802241,5,6,646652985,META
10896683348,10896683348,0,10896683348,0,14,1801900800,647489990230000000000,1801296601,True,3,1801296301,0,68110761,51103487,wheel,False,-17007274,16687804824510802241,10,5,643408521,META
10954005771,10954005771,0,10954005771,10896683348,19,1802505600,689179992680000000000,1801901401,True,4,1801901101,0,0,57322423,wheel,True,57322423,17714857657055588049,14,6,615115490,META
11011629741,11011629741,0,11011629741,10954005771,24,1803110400,714520019530000000000,1802506201,True,5,1802505901,0,0,57623970,wheel,True,57623970,16730799665988409814,19,6,654720993,META
11069556844,11069556844,0,11069556844,11011629741,29,1803715200,736669982910000000000,1803111001,True,6,1803110701,0,0,57927103,wheel,True,57927103,16222343522479303876,24,6,678794018,META
10870179520,10870179520,15817347498872818838,58231831,11069556844,33,1804320000,683549987790000000000,1803715801,True,7,1803715501,0,257609155,58231831,wheel,True,-199377324,15817347498872818838,29,5,699836483,META
10681416456,10681416456,15817347498872818838,112264665,0,38,1804924800,668200012210000000000,1804320601,True,8,1804320301,0,0,54032834,wheel,False,54032834,15817347498872818838,33,6,717727488,META
10061365335,10061365335,15817347498872818838,165084124,0,43,1805529600,625659973140000000000,1804925401,True,9,1804925101,0,0,52819459,wheel,False,52819459,15817347498872818838,38,6,701610013,META
9825160858,9825160858,15817347498872818838,214540904,0,48,1806134400,607599975590000000000,1805530201,True,10,1805529901,0,0,49456780,wheel,False,49456780,15817347498872818838,43,6,656942972,META
9693663535,9693663535,15817347498872818838,262570089,0,53,1806739200,596250000000000000000,1806135001,True,11,1806134701,0,0,48029185,wheel,False,48029185,15817347498872818838,48,6,637979975,META
9432198929,9432198929,15817347498872818838,309702088,0,58,1807344000,576739990230000000000,1806739801,True,12,1806739501,0,0,47131999,wheel,False,47131999,15817347498872818838,53,6,626062500,META
8338781848,8338781848,15817347498872818838,355291872,0,63,1807948800,504730010990000000000,1807344601,True,13,1807344301,0,0,45589784,wheel,False,45589784,15817347498872818838,58,6,605576990,META
8777853940,8777853940,0,8777853940,0,68,1808553600,543570007320000000000,1807949401,True,14,1807949101,0,215171211,39897584,wheel,False,-175273627,15817347498872818838,63,5,529966512,META
8563958022,8563958022,16998447569352544695,39576349,8777853940,72,1809072000,501480010990000000000,1808554201,True,15,1808553901,0,253472267,39576349,wheel,True,-213895918,16998447569352544695,68,5,516391506,META
9038866656,9038866656,0,9038866656,0,77,1809763200,547270019530000000000,1809072601,True,16,1809072301,0,352139967,48689541,wheel,False,-303450426,16998447569352544695,72,5,526554012,META
9086415963,9086415963,0,9086415963,9038866656,82,1810368000,597020019530000000000,1809763801,True,17,1809763501,0,0,47549307,wheel,True,47549307,17385561332777905277,77,6,519906518,META
9134215405,9134215405,0,9134215405,9086415963,87,1810972800,592489990230000000000,1810368601,True,18,1810368301,0,0,47799442,wheel,True,47799442,16020649356061970225,82,6,567169018,META
9182266297,9182266297,0,9182266297,9134215405,92,1811577600,640340026860000000000,1810973401,True,19,1810973101,0,0,48050892,wheel,True,48050892,16228060819646271083,87,6,562865490,META
9230569963,9230569963,0,9230569963,9182266297,97,1812182400,627059997560000000000,1811578201,True,20,1811577901,0,0,48303666,wheel,True,48303666,15094392156206811340,92,6,608323025,META
9279127732,9279127732,0,9279127732,9230569963,101,1812787200,647489990230000000000,1812183001,True,21,1812182701,0,0,48557769,wheel,True,48557769,15495151155661178174,97,6,595706997,META
9327940941,9327940941,0,9327940941,9279127732,106,1813392000,697710021970000000000,1812787801,True,22,1812787501,0,0,48813209,wheel,True,48813209,15085179747302413080,101,6,615115490,META
9377010934,9377010934,0,9377010934,9327940941,111,1813996800,682869995120000000000,1813392601,True,23,1813392301,0,0,49069993,wheel,True,49069993,14073017306300014368,106,6,662824520,META
9426339062,9426339062,0,9426339062,9377010934,115,1814601600,682349975590000000000,1813997401,True,24,1813997101,0,0,49328128,wheel,True,49328128,14454490461346117827,111,6,648726495,META
9475926682,9475926682,0,9475926682,9426339062,120,1815206400,733630004880000000000,1814602201,True,25,1814601901,0,0,49587620,wheel,True,49587620,14541602605544249220,115,6,648232476,META
9518650403,9518650403,0,9518650403,9475926682,124,1815724800,719010009770000000000,1815207001,True,26,1815206701,0,0,42723721,wheel,True,42723721,13596308231691103536,120,6,696948504,META
9575880510,9575880510,0,9575880510,9518650403,129,1816416000,717510009770000000000,1815725401,True,27,1815725101,0,0,57230107,wheel,True,57230107,13935316436682532151,124,6,683059509,META
9626254799,9626254799,0,9626254799,9575880510,134,1817020800,704280029300000000000,1816416601,True,28,1816416301,0,0,50374289,wheel,True,50374289,14048409204000556257,129,6,681634509,META
9676894084,9676894084,0,9676894084,9626254799,139,1817625600,712679992680000000000,1817021401,True,29,1817021101,0,0,50639285,wheel,True,50639285,14387600641094873585,134,6,669066027,META
9727799758,9727799758,0,9727799758,9676894084,144,1818230400,750010009770000000000,1817626201,True,30,1817625901,0,0,50905674,wheel,True,50905674,14292816417274032962,139,6,677045993,META
9778973224,9778973224,0,9778973224,9727799758,149,1818835200,769299987790000000000,1818231001,True,31,1818230701,0,0,51173466,wheel,True,51173466,13652870081204768875,144,6,712509509,META
9830415890,9830415890,0,9830415890,9778973224,154,1819440000,785229980470000000000,1818835801,True,32,1818835501,0,0,51442666,wheel,True,51442666,13380548803172515873,149,6,730834988,META
9882129172,9882129172,0,9882129172,9830415890,159,1820044800,754789978030000000000,1819440601,True,33,1819440301,0,0,51713282,wheel,True,51713282,13178057974811404933,154,6,745968481,META
9934114493,9934114493,0,9934114493,9882129172,164,1820649600,738700012210000000000,1820045401,True,34,1820045101,0,0,51985321,wheel,True,51985321,13781636664941130316,159,6,717050479,META
9986373285,9986373285,0,9986373285,9934114493,168,1821254400,752450012210000000000,1820650201,True,35,1820649901,0,0,52258792,wheel,True,52258792,14155898822661593198,164,6,701765011,META
10038906987,10038906987,0,10038906987,9986373285,173,1821859200,755590026860000000000,1821255001,True,36,1821254701,0,0,52533702,wheel,True,52533702,13970325891668150975,168,6,714827511,META
10091717044,10091717044,0,10091717044,10038906987,178,1822464000,778380004880000000000,1821859801,True,37,1821859501,0,0,52810057,wheel,True,52810057,13985455266206914422,173,6,717810525,META
10144804911,10144804911,0,10144804911,10091717044,183,1823068800,743750000000000000000,1822464601,True,38,1822464301,0,0,53087867,wheel,True,53087867,13647395859160140377,178,6,739461004,META
10198172048,10198172048,0,10198172048,10144804911,188,1823673600,710559997560000000000,1823069401,True,39,1823069101,0,0,53367137,wheel,True,53367137,14357972452543122512,183,6,706562500,META
10251819925,10251819925,0,10251819925,10198172048,193,1824278400,705299987790000000000,1823674201,True,40,1823673901,0,0,53647877,wheel,True,53647877,15107686884952210643,188,6,675031997,META
10305750019,10305750019,0,10305750019,10251819925,198,1824883200,716919982910000000000,1824279001,True,41,1824278701,0,0,53930094,wheel,True,53930094,15300424766773522579,193,6,670034988,META
10359963814,10359963814,0,10359963814,10305750019,203,1825488000,738359985350000000000,1824883801,True,42,1824883501,0,0,54213795,wheel,True,54213795,15131616059690243666,198,6,681073983,META
9630319113,9630319113,14769523382935905407,54498989,10359963814,208,1826092800,648349975590000000000,1825488601,True,43,1825488301,0,784143690,54498989,wheel,True,-729644701,14769523382935905407,203,5,701441986,META
9284714967,9284714967,14769523382935905407,102354261,0,213,1826697600,621710021970000000000,1826093401,True,44,1826093101,0,0,47855272,wheel,False,47855272,14769523382935905407,208,6,680767475,META
9149677260,9149677260,14769523382935905407,148243215,0,218,1827302400,609460021970000000000,1826698201,True,45,1826697901,0,0,45888954,wheel,False,45888954,14769523382935905407,213,6,652795524,META
8970017256,8970017256,14769523382935905407,193227986,0,223,1827907200,594250000000000000000,1827303001,True,46,1827302701,0,0,44984771,wheel,False,44984771,14769523382935905407,218,6,639933024,META
9452718826,9452718826,0,9452718826,0,227,1828512000,647950012210000000000,1827907801,True,47,1827907501,0,354284122,43862106,wheel,False,-310422016,14769523382935905407,223,5,623962500,META
9502445218,9502445218,0,9502445218,9452718826,232,1829116800,673419982910000000000,1828512601,True,48,1828512301,0,0,49726392,wheel,True,49726392,15356478378495315731,227,6,615552511,META
9552433197,9552433197,0,9552433197,9502445218,237,1829721600,644229980470000000000,1829117401,True,49,1829117101,0,0,49987979,wheel,True,49987979,14853396364054868689,232,6,639748983,META
9602684140,9602684140,0,9602684140,9552433197,242,1830326400,658770019530000000000,1829722201,True,50,1829721901,0,0,50250943,wheel,True,50250943,15608079647189608315,237,6,612018481,META
9653199430,9653199430,0,9653199430,9602684140,246,1830931200,663289978030000000000,1830327001,True,51,1830326701,0,0,50515290,wheel,True,50515290,15343880683235260132,242,6,625831518,META
9689464368,9689464368,0,9689464368,9653199430,249,1831363200,660090026860000000000,1830931801,True,52,1830931501,0,0,36264938,wheel,True,36264938,15319487549240966337,246,6,630125479,META
0,9883620051,72301353310789545790,57142858,0,5,1800691200,135910003660000000000,1800000300,True,1,1800000000,0,0,57142858,netshare,False,57142858,72301353310789545790,0,6,145225498,NVDA
0,10062870641,72301353310789545790,106250792,0,10,1801296000,137710006710000000000,1800691801,True,2,1800691501,0,0,49107934,netshare,False,49107934,72301353310789545790,5,6,142705504,NVDA
0,10467627771,72301353310789545790,156009115,0,14,1801900800,142619995120000000000,1801296601,True,3,1801296301,0,0,49758323,netshare,False,49758323,72301353310789545790,10,6,144595508,NVDA
0,8888765018,72301353310789545790,207541549,0,19,1802505600,120069999690000000000,1801901401,True,4,1801901101,0,0,51532434,netshare,False,51532434,72301353310789545790,14,6,149750995,NVDA
0,9366210754,70203981419006095789,250926064,0,24,1803110400,129839996340000000000,1802506201,True,5,1802505901,0,272322758,43384515,netshare,False,-228938243,72301353310789545790,19,7,126073500,NVDA
0,9867528796,68930850346553062404,296479805,0,29,1803715200,138850006100000000000,1803111001,True,6,1803110701,0,176774257,45553741,netshare,False,-131220516,70203981419006095789,24,7,136331997,NVDA
0,9610684941,68930850346553062404,344311234,0,33,1804320000,134429992680000000000,1803715801,True,7,1803715501,0,0,47831429,netshare,False,47831429,68930850346553062404,29,6,145792507,NVDA
0,9001461743,68930850346553062404,390620044,0,38,1804924800,124919998170000000000,1804320601,True,8,1804320301,0,0,46308810,netshare,False,46308810,68930850346553062404,33,6,141151493,NVDA
0,8201470519,68930850346553062404,433652826,0,43,1805529600,112690002440000000000,1804925401,True,9,1804925101,0,0,43032782,netshare,False,43032782,68930850346553062404,38,6,131165999,NVDA
0,8628681205,67035495542814662265,472472585,0,48,1806134400,121669998170000000000,1805530201,True,10,1805529901,0,230607815,38819759,netshare,False,-191788056,68930850346553062404,43,7,118324503,NVDA
0,8403310952,67035495542814662265,513233332,0,53,1806739200,117699996950000000000,1806135001,True,11,1806134701,0,0,40760747,netshare,False,40760747,67035495542814662265,48,6,127753499,NVDA
0,7904446760,67035495542814662265,552664087,0,58,1807344000,109669998170000000000,1806739801,True,12,1806739501,0,0,39430755,netshare,False,39430755,67035495542814662265,53,6,123584997,NVDA
0,6911522127,67035495542814662265,589404706,0,63,1807948800,94309997560000000000,1807344601,True,13,1807344301,0,0,36740619,netshare,False,36740619,67035495542814662265,58,6,115153499,NVDA
0,7259222909,59841551697502950082,620999561,0,68,1808553600,110930000310000000000,1807949401,True,14,1807949101,0,798024192,31594855,netshare,False,-766429337,67035495542814662265,63,7,99025498,NVDA
0,6722751524,59841551697502950082,649432571,0,72,1809072000,101489997860000000000,1808554201,True,15,1808553901,0,0,28433010,netshare,False,28433010,59841551697502950082,68,6,116476501,NVDA
0,7061107062,57445138287498181732,684122138,0,77,1809763200,111010002140000000000,1809072601,True,16,1809072301,0,266025857,34689567,netshare,False,-231336290,59841551697502950082,72,7,106564498,NVDA
0,7293459527,57445138287498181732,715991194,0,82,1810368000,114500000000000000000,1809763801,True,17,1809763501,0,0,31869056,netshare,False,31869056,57445138287498181732,77,6,116560503,NVDA
0,7449837638,57445138287498181732,748862169,0,87,1810972800,116650001530000000000,1810368601,True,18,1810368301,0,0,32870975,netshare,False,32870975,57445138287498181732,82,6,120225000,NVDA
0,7818374683,51964731380663901652,782350372,0,92,1811577600,135399993900000000000,1810973401,True,19,1810973101,0,742047061,33488203,netshare,False,-708558858,57445138287498181732,87,7,122482502,NVDA
0,7639962219,51964731380663901652,817512985,0,97,1812182400,131289993290000000000,1811578201,True,20,1811577901,0,0,35162613,netshare,False,35162613,51964731380663901652,92,6,142169994,NVDA
0,7873602660,51964731380663901652,851608255,0,101,1812787200,135130004880000000000,1812183001,True,21,1812182701,0,0,34095270,netshare,False,34095270,51964731380663901652,97,6,137854493,NVDA
0,8251142548,51964731380663901652,886700754,0,106,1813392000,141720001220000000000,1812787801,True,22,1812787501,0,0,35092499,netshare,False,35092499,51964731380663901652,101,6,141886506,NVDA
0,8300937615,51964731380663901652,923504638,0,111,1813996800,141970001220000000000,1813392601,True,23,1813392301,0,0,36803884,netshare,False,36803884,51964731380663901652,106,6,148806002,NVDA
0,8435500371,51964731380663901652,960373445,0,115,1814601600,143850006100000000000,1813997401,True,24,1813997101,0,0,36868807,netshare,False,36868807,51964731380663901652,111,6,149068502,NVDA
0,8846613782,49755203190599347258,997730479,0,120,1815206400,157750000000000000000,1814602201,True,25,1814601901,0,348553071,37357034,netshare,False,-311196037,51964731380663901652,115,7,151042507,NVDA
0,8959342913,49755203190599347258,1031349019,0,124,1815724800,159339996340000000000,1815207001,True,26,1815206701,0,0,33618540,netshare,False,33618540,49755203190599347258,120,6,165637500,NVDA
0,9282260133,49755203190599347258,1076632114,0,129,1816416000,164919998170000000000,1815725401,True,27,1815725101,0,0,45283095,netshare,False,45283095,49755203190599347258,124,6,167306997,NVDA
0,9695934599,49755203190599347258,1117639835,0,134,1817020800,172410003660000000000,1816416601,True,28,1816416301,0,0,41007721,netshare,False,41007721,49755203190599347258,129,6,173165999,NVDA
0,9793037716,49755203190599347258,1160509963,0,139,1817625600,173500000000000000000,1817021401,True,29,1817021101,0,0,42870128,netshare,False,42870128,49755203190599347258,134,6,181030504,NVDA
0,9847125079,49755203190599347258,1203651121,0,144,1818230400,173720001220000000000,1817626201,True,30,1817625901,0,0,43141158,netshare,False,43141158,49755203190599347258,139,6,182175000,NVDA
0,10322494722,49675138978628499353,1246846983,0,149,1818835200,182699996950000000000,1818231001,True,31,1818230701,0,14627731,43195862,netshare,False,28568131,49755203190599347258,144,7,182406002,NVDA
0,10256081315,49675138978628499353,1292202638,0,154,1819440000,180449996950000000000,1818835801,True,32,1818835501,0,0,45355655,netshare,False,45355655,49675138978628499353,149,6,191834997,NVDA
0,10178677985,49675138978628499353,1336999726,0,159,1820044800,177990005490000000000,1819440601,True,33,1819440301,0,0,44797088,netshare,False,44797088,49675138978628499353,154,6,189472497,NVDA
0,10033601459,49675138978628499353,1381186116,0,164,1820649600,174179992680000000000,1820045401,True,34,1820045101,0,0,44186390,netshare,False,44186390,49675138978628499353,159,6,186889506,NVDA
0,9721168586,49675138978628499353,1424426662,0,168,1821254400,167020004270000000000,1820650201,True,35,1820649901,0,0,43240546,netshare,False,43240546,49675138978628499353,164,6,182888993,NVDA
0,10177468787,48990994844560732996,1465889726,0,173,1821859200,177820007320000000000,1821255001,True,36,1821254701,0,121654514,41463064,netshare,False,-80191450,49675138978628499353,168,7,175371005,NVDA
0,10164664913,48990994844560732996,1509425944,0,178,1822464000,176669998170000000000,1821859801,True,37,1821859501,0,0,43536218,netshare,False,43536218,48990994844560732996,173,6,186711008,NVDA
0,10282386091,48990994844560732996,1552680601,0,183,1823068800,178190002440000000000,1822464601,True,38,1822464301,0,0,43254657,netshare,False,43254657,48990994844560732996,178,6,185503499,NVDA
0,10762498198,48855084911887325213,1596307406,0,188,1823673600,187619995120000000000,1823069401,True,39,1823069101,0,25499420,43626805,netshare,False,18127385,48990994844560732996,183,7,187099503,NVDA
0,10590413082,48855084911887325213,1642115551,0,193,1824278400,183160003660000000000,1823674201,True,40,1823673901,0,0,45808145,netshare,False,45808145,48855084911887325213,188,6,197000995,NVDA
0,10638063489,48855084911887325213,1686834772,0,198,1824883200,183220001220000000000,1824279001,True,41,1824278701,0,0,44719221,netshare,False,44719221,48855084911887325213,193,6,192318004,NVDA
0,10831316489,48855084911887325213,1731568642,0,203,1825488000,186259994510000000000,1824883801,True,42,1824883501,0,0,44733870,netshare,False,44733870,48855084911887325213,198,6,192381002,NVDA
0,11331780038,47186206930051264973,1777044738,0,208,1826092800,202490005490000000000,1825488601,True,43,1825488301,0,337931111,45476096,netshare,False,-292455015,48855084911887325213,203,7,195572995,NVDA
0,10702879185,47186206930051264973,1824794639,0,213,1826697600,188149993900000000000,1826093401,True,44,1826093101,0,0,47749901,netshare,False,47749901,47186206930051264973,208,6,212614506,NVDA
0,10842563855,47186206930051264973,1869162970,0,218,1827302400,190169998170000000000,1826698201,True,45,1826697901,0,0,44368331,netshare,False,44368331,47186206930051264973,213,6,197557494,NVDA
0,10354676570,47186206930051264973,1914007645,0,223,1827907200,178880004880000000000,1827303001,True,46,1827302701,0,0,44844675,netshare,False,44844675,47186206930051264973,218,6,199678499,NVDA
0,10308148612,47186206930051264973,1956189986,0,227,1828512000,177000000000000000000,1827907801,True,47,1827907501,0,0,42182341,netshare,False,42182341,47186206930051264973,223,6,187824006,NVDA
0,10605165174,47186206930051264973,1997928996,0,232,1829116800,182410003660000000000,1828512601,True,48,1828512301,0,0,41739010,netshare,False,41739010,47186206930051264973,227,6,185850000,NVDA
0,10299473897,47186206930051264973,2040943759,0,237,1829721600,175020004270000000000,1829117401,True,49,1829117101,0,0,43014763,netshare,False,43014763,47186206930051264973,232,6,191530504,NVDA
0,10622447710,47186206930051264973,2082215859,0,242,1830326400,180990005490000000000,1829722201,True,50,1829721901,0,0,41272100,netshare,False,41272100,47186206930051264973,237,6,183771005,NVDA
0,11092139258,47064732845904501349,2124895767,0,246,1830931200,190529998780000000000,1830327001,True,51,1830326701,0,23144457,42679908,netshare,False,19535451,47186206930051264973,242,7,190039506,NVDA
0,10934471998,47064732845904501349,2156899323,0,249,1831363200,186500000000000000000,1830931801,True,52,1830931501,0,0,32003556,netshare,False,32003556,47064732845904501349,246,6,200056499,NVDA
9883620051,9883620051,72301353310789545790,57142858,0,5,1800691200,135910003660000000000,1800000300,True,1,1800000000,0,0,57142858,no_exercise,False,57142858,72301353310789545790,0,6,145225498,NVDA
10062870641,10062870641,72301353310789545790,106250792,0,10,1801296000,137710006710000000000,1800691801,True,2,1800691501,0,0,49107934,no_exercise,False,49107934,72301353310789545790,5,6,142705504,NVDA
10467627771,10467627771,72301353310789545790,156009115,0,14,1801900800,142619995120000000000,1801296601,True,3,1801296301,0,0,49758323,no_exercise,False,49758323,72301353310789545790,10,6,144595508,NVDA
8888765018,8888765018,72301353310789545790,207541549,0,19,1802505600,120069999690000000000,1801901401,True,4,1801901101,0,0,51532434,no_exercise,False,51532434,72301353310789545790,14,6,149750995,NVDA
9638533513,9638533513,72301353310789545790,250926064,0,24,1803110400,129839996340000000000,1802506201,True,5,1802505901,0,0,43384515,no_exercise,False,43384515,72301353310789545790,19,8,126073500,NVDA
10336325303,10336325303,72301353310789545790,297281955,0,29,1803715200,138850006100000000000,1803118201,True,6,1803117901,0,0,46355891,no_exercise,False,46355891,72301353310789545790,24,8,136331997,NVDA
10066325025,10066325025,72301353310789545790,346854629,0,33,1804320000,134429992680000000000,1803723001,True,7,1803722701,0,0,49572674,no_exercise,False,49572674,72301353310789545790,29,6,145792507,NVDA
9427312718,9427312718,72301353310789545790,395427795,0,38,1804924800,124919998170000000000,1804320601,True,8,1804320301,0,0,48573166,no_exercise,False,48573166,72301353310789545790,33,6,141151493,NVDA
8588204426,8588204426,72301353310789545790,440564745,0,43,1805529600,112690002440000000000,1804925401,True,9,1804925101,0,0,45136950,no_exercise,False,45136950,72301353310789545790,38,6,131165999,NVDA
9278188194,9278188194,72301353310789545790,481282669,0,48,1806134400,121669998170000000000,1805530201,True,10,1805529901,0,0,40717924,no_exercise,False,40717924,72301353310789545790,43,8,118324503,NVDA
9034590745,9034590745,72301353310789545790,524721681,0,53,1806739200,117699996950000000000,1806142201,True,11,1806141901,0,0,43439012,no_exercise,False,43439012,72301353310789545790,48,6,127753499,NVDA
8496539136,8496539136,72301353310789545790,567249851,0,58,1807344000,109669998170000000000,1806739801,True,12,1806739501,0,0,42528170,no_exercise,False,42528170,72301353310789545790,53,6,123584997,NVDA
7425617020,7425617020,72301353310789545790,606876566,0,63,1807948800,94309997560000000000,1807344601,True,13,1807344301,0,0,39626715,no_exercise,False,39626715,72301353310789545790,58,6,115153499,NVDA
8661342446,8661342446,72301353310789545790,640953301,0,68,1808553600,110930000310000000000,1807949401,True,14,1807949101,0,0,34076735,no_exercise,False,34076735,72301353310789545790,63,8,99025498,NVDA
8012693228,8012693228,72301353310789545790,674829036,0,72,1809072000,101489997860000000000,1808561401,True,15,1808561101,0,0,33875735,no_exercise,False,33875735,72301353310789545790,68,6,116476501,NVDA
8742914814,8742914814,72301353310789545790,716741429,0,77,1809763200,111010002140000000000,1809072601,True,16,1809072301,0,0,41912393,no_exercise,False,41912393,72301353310789545790,72,8,106564498,NVDA
9034879529,9034879529,72301353310789545790,756374575,0,82,1810368000,114500000000000000000,1809771001,True,17,1809770701,0,0,39633146,no_exercise,False,39633146,72301353310789545790,77,6,116560503,NVDA
9231699474,9231699474,72301353310789545790,797746500,0,87,1810972800,116650001530000000000,1810368601,True,18,1810368301,0,0,41371925,no_exercise,False,41371925,72301353310789545790,82,6,120225000,NVDA
10629498075,10629498075,72301353310789545790,839895278,0,92,1811577600,135399993900000000000,1810973401,True,19,1810973101,0,0,42148778,no_exercise,False,42148778,72301353310789545790,87,8,122482502,NVDA
10380680408,10380680408,72301353310789545790,888236217,0,97,1812182400,131289993290000000000,1811585401,True,20,1811585101,0,0,48340939,no_exercise,False,48340939,72301353310789545790,92,6,142169994,NVDA
10705757042,10705757042,72301353310789545790,935674817,0,101,1812787200,135130004880000000000,1812183001,True,21,1812182701,0,0,47438600,no_exercise,False,47438600,72301353310789545790,97,6,137854493,NVDA
11231048795,11231048795,72301353310789545790,984500916,0,106,1813392000,141720001220000000000,1812787801,True,22,1812787501,0,0,48826099,no_exercise,False,48826099,72301353310789545790,101,6,141886506,NVDA
11300331375,11300331375,72301353310789545790,1035708158,0,111,1813996800,141970001220000000000,1813392601,True,23,1813392301,0,0,51207242,no_exercise,False,51207242,72301353310789545790,106,6,148806002,NVDA
11487555846,11487555846,72301353310789545790,1087005732,0,115,1814601600,143850006100000000000,1813997401,True,24,1813997101,0,0,51297574,no_exercise,False,51297574,72301353310789545790,111,6,149068502,NVDA
12544521086,12544521086,72301353310789545790,1138982602,0,120,1815206400,157750000000000000000,1814602201,True,25,1814601901,0,0,51976870,no_exercise,False,51976870,72301353310789545790,115,8,151042507,NVDA
12707653570,12707653570,72301353310789545790,1187156199,0,124,1815724800,159339996340000000000,1815214201,True,26,1815213901,0,0,48173597,no_exercise,False,48173597,72301353310789545790,120,6,165637500,NVDA
13176898000,13176898000,72301353310789545790,1252958945,0,129,1816416000,164919998170000000000,1815725401,True,27,1815725101,0,0,65802746,no_exercise,False,65802746,72301353310789545790,124,6,167306997,NVDA
13778025557,13778025557,72301353310789545790,1312548969,0,134,1817020800,172410003660000000000,1816416601,True,28,1816416301,0,0,59590024,no_exercise,False,59590024,72301353310789545790,129,6,173165999,NVDA
13919130132,13919130132,72301353310789545790,1374845333,0,139,1817625600,173500000000000000000,1817021401,True,29,1817021101,0,0,62296364,no_exercise,False,62296364,72301353310789545790,134,6,181030504,NVDA
13997726727,13997726727,72301353310789545790,1437535542,0,144,1818230400,173720001220000000000,1817626201,True,30,1817625901,0,0,62690209,no_exercise,False,62690209,72301353310789545790,139,6,182175000,NVDA
14709762272,14709762272,72301353310789545790,1500305243,0,149,1818835200,182699996950000000000,1818231001,True,31,1818230701,0,0,62769701,no_exercise,False,62769701,72301353310789545790,144,8,182406002,NVDA
14612312365,14612312365,72301353310789545790,1565533381,0,154,1819440000,180449996950000000000,1818843001,True,32,1818842701,0,0,65228138,no_exercise,False,65228138,72301353310789545790,149,6,191834997,NVDA
14499653082,14499653082,72301353310789545790,1630734810,0,159,1820044800,177990005490000000000,1819440601,True,33,1819440301,0,0,65201429,no_exercise,False,65201429,72301353310789545790,154,6,189472497,NVDA
14288496569,14288496569,72301353310789545790,1695047379,0,164,1820649600,174179992680000000000,1820045401,True,34,1820045101,0,0,64312569,no_exercise,False,64312569,72301353310789545790,159,6,186889506,NVDA
13833755626,13833755626,72301353310789545790,1757983288,0,168,1821254400,167020004270000000000,1820650201,True,35,1820649901,0,0,62935909,no_exercise,False,62935909,72301353310789545790,164,6,182888993,NVDA
14674959275,14674959275,72301353310789545790,1818332101,0,173,1821859200,177820007320000000000,1821255001,True,36,1821254701,0,0,60348813,no_exercise,False,60348813,72301353310789545790,168,8,175371005,NVDA
14655297926,14655297926,72301353310789545790,1881817969,0,178,1822464000,176669998170000000000,1821867001,True,37,1821866701,0,0,63485868,no_exercise,False,63485868,72301353310789545790,173,6,186711008,NVDA
14829031905,14829031905,72301353310789545790,1945653583,0,183,1823068800,178190002440000000000,1822464601,True,38,1822464301,0,0,63835614,no_exercise,False,63835614,72301353310789545790,178,6,185503499,NVDA
15575217971,15575217971,72301353310789545790,2010038416,0,188,1823673600,187619995120000000000,1823069401,True,39,1823069101,0,0,64384833,no_exercise,False,64384833,72301353310789545790,183,8,187099503,NVDA
15319739244,15319739244,72301353310789545790,2077023107,0,193,1824278400,183160003660000000000,1823681401,True,40,1823681101,0,0,66984691,no_exercise,False,66984691,72301353310789545790,188,6,197000995,NVDA
15390257776,15390257776,72301353310789545790,2143203735,0,198,1824883200,183220001220000000000,1824279001,True,41,1824278701,0,0,66180628,no_exercise,False,66180628,72301353310789545790,193,6,192318004,NVDA
15676255711,15676255711,72301353310789545790,2209406041,0,203,1825488000,186259994510000000000,1824883801,True,42,1824883501,0,0,66202306,no_exercise,False,66202306,72301353310789545790,198,6,192381002,NVDA
16917008207,16917008207,72301353310789545790,2276706779,0,208,1826092800,202490005490000000000,1825488601,True,43,1825488301,0,0,67300738,no_exercise,False,67300738,72301353310789545790,203,8,195572995,NVDA
15952499593,15952499593,72301353310789545790,2349000409,0,213,1826697600,188149993900000000000,1826100601,True,44,1826100301,0,0,72293630,no_exercise,False,72293630,72301353310789545790,208,6,212614506,NVDA
16166532280,16166532280,72301353310789545790,2416984054,0,218,1827302400,190169998170000000000,1826698201,True,45,1826697901,0,0,67983645,no_exercise,False,67983645,72301353310789545790,213,6,197557494,NVDA
15418964014,15418964014,72301353310789545790,2485697581,0,223,1827907200,178880004880000000000,1827303001,True,46,1827302701,0,0,68713527,no_exercise,False,68713527,72301353310789545790,218,6,199678499,NVDA
15347671266,15347671266,72301353310789545790,2550331730,0,227,1828512000,177000000000000000000,1827907801,True,47,1827907501,0,0,64634149,no_exercise,False,64634149,72301353310789545790,223,6,187824006,NVDA
15802776705,15802776705,72301353310789545790,2614286583,0,232,1829116800,182410003660000000000,1828512601,True,48,1828512301,0,0,63954853,no_exercise,False,63954853,72301353310789545790,227,6,185850000,NVDA
15334379381,15334379381,72301353310789545790,2680196216,0,237,1829721600,175020004270000000000,1829117401,True,49,1829117101,0,0,65909633,no_exercise,False,65909633,72301353310789545790,232,6,191530504,NVDA
15829257975,15829257975,72301353310789545790,2743435643,0,242,1830326400,180990005490000000000,1829722201,True,50,1829721901,0,0,63239427,no_exercise,False,63239427,72301353310789545790,237,6,183771005,NVDA
16584408950,16584408950,72301353310789545790,2808832192,0,246,1830931200,190529998780000000000,1830327001,True,51,1830326701,0,0,65396549,no_exercise,False,65396549,72301353310789545790,242,8,190039506,NVDA
16341378819,16341378819,72301353310789545790,2857176427,0,249,1831363200,186500000000000000000,1830939001,True,52,1830938701,0,0,48344235,no_exercise,False,48344235,72301353310789545790,246,6,200056499,NVDA
9999999999,9999999999,72301353310789545790,0,0,0,1800691200,0,1800000300,False,1,1800000000,0,0,57142858,no_fill,False,0,72301353310789545790,0,2,145225498,NVDA
9826477193,9826477193,72301353310789545790,0,0,5,1801296000,0,1800691500,False,2,1800691200,0,0,49132386,no_fill,False,0,72301353310789545790,5,2,142705504,NVDA
9956619849,9956619849,72301353310789545790,0,0,10,1801900800,0,1801296300,False,3,1801296000,0,0,49783100,no_fill,False,0,72301353310789545790,10,2,144595508,NVDA
10311618656,10311618656,72301353310789545790,0,0,14,1802505600,0,1801901100,False,4,1801900800,0,0,51558094,no_fill,False,0,72301353310789545790,14,2,149750995,NVDA
8681223469,8681223469,72301353310789545790,0,0,19,1803110400,0,1802505900,False,5,1802505600,0,0,43406118,no_fill,False,0,72301353310789545790,19,2,126073500,NVDA
9387607449,9387607449,72301353310789545790,0,0,24,1803715200,0,1803110700,False,6,1803110400,0,0,46938038,no_fill,False,0,72301353310789545790,24,2,136331997,NVDA
10039043348,10039043348,72301353310789545790,0,0,29,1804320000,0,1803715500,False,7,1803715200,0,0,50195217,no_fill,False,0,72301353310789545790,29,2,145792507,NVDA
9719470396,9719470396,72301353310789545790,0,0,33,1804924800,0,1804320300,False,8,1804320000,0,0,48597352,no_fill,False,0,72301353310789545790,33,2,141151493,NVDA
9031884923,9031884923,72301353310789545790,0,0,38,1805529600,0,1804925100,False,9,1804924800,0,0,45159425,no_fill,False,0,72301353310789545790,38,2,131165999,NVDA
8147639681,8147639681,72301353310789545790,0,0,43,1806134400,0,1805529900,False,10,1805529600,0,0,40738199,no_fill,False,0,72301353310789545790,43,2,118324503,NVDA
8796905525,8796905525,72301353310789545790,0,0,48,1806739200,0,1806134700,False,11,1806134400,0,0,43984528,no_fill,False,0,72301353310789545790,48,2,127753499,NVDA
8509869064,8509869064,72301353310789545790,0,0,53,1807344000,0,1806739500,False,12,1806739200,0,0,42549346,no_fill,False,0,72301353310789545790,53,2,123584997,NVDA
7929289285,7929289285,72301353310789545790,0,0,58,1807948800,0,1807344300,False,13,1807344000,0,0,39646447,no_fill,False,0,72301353310789545790,58,2,115153499,NVDA
6818740454,6818740454,72301353310789545790,0,0,63,1808553600,0,1807949100,False,14,1807948800,0,0,34093703,no_fill,False,0,72301353310789545790,63,2,99025498,NVDA
8020389145,8020389145,72301353310789545790,0,0,68,1809072000,0,1808553900,False,15,1808553600,0,0,34373097,no_fill,False,0,72301353310789545790,68,2,116476501,NVDA
7337864192,7337864192,72301353310789545790,0,0,72,1809763200,0,1809072300,False,16,1809072000,0,0,41930653,no_fill,False,0,72301353310789545790,72,2,106564498,NVDA
8026173385,8026173385,72301353310789545790,0,0,77,1810368000,0,1809763500,False,17,1809763200,0,0,40130867,no_fill,False,0,72301353310789545790,77,2,116560503,NVDA
8278504954,8278504954,72301353310789545790,0,0,82,1810972800,0,1810368300,False,18,1810368000,0,0,41392525,no_fill,False,0,72301353310789545790,82,2,120225000,NVDA
8433952974,8433952974,72301353310789545790,0,0,87,1811577600,0,1810973100,False,19,1810972800,0,0,42169765,no_fill,False,0,72301353310789545790,87,2,122482502,NVDA
9789602797,9789602797,72301353310789545790,0,0,92,1812182400,0,1811577900,False,20,1811577600,0,0,48948014,no_fill,False,0,72301353310789545790,92,2,142169994,NVDA
9492444191,9492444191,72301353310789545790,0,0,97,1812787200,0,1812182700,False,21,1812182400,0,0,47462221,no_fill,False,0,72301353310789545790,97,2,137854493,NVDA
9770082225,9770082225,72301353310789545790,0,0,101,1813392000,0,1812787500,False,22,1812787200,0,0,48850412,no_fill,False,0,72301353310789545790,101,2,141886506,NVDA
10246547879,10246547879,72301353310789545790,0,0,106,1813996800,0,1813392300,False,23,1813392000,0,0,51232740,no_fill,False,0,72301353310789545790,106,2,148806002,NVDA
10264623217,10264623217,72301353310789545790,0,0,111,1814601600,0,1813997100,False,24,1813996800,0,0,51323117,no_fill,False,0,72301353310789545790,111,2,149068502,NVDA
10400550114,10400550114,72301353310789545790,0,0,115,1815206400,0,1814601900,False,25,1814601600,0,0,52002751,no_fill,False,0,72301353310789545790,115,2,151042507,NVDA
11405538484,11405538484,72301353310789545790,0,0,120,1815724800,0,1815206700,False,26,1815206400,0,0,48880880,no_fill,False,0,72301353310789545790,120,2,165637500,NVDA
11520497371,11520497371,72301353310789545790,0,0,124,1816416000,0,1815725100,False,27,1815724800,0,0,65831414,no_fill,False,0,72301353310789545790,124,2,167306997,NVDA
11923939055,11923939055,72301353310789545790,0,0,129,1817020800,0,1816416300,False,28,1816416000,0,0,59619696,no_fill,False,0,72301353310789545790,129,2,173165999,NVDA
12465476588,12465476588,72301353310789545790,0,0,134,1817625600,0,1817021100,False,29,1817020800,0,0,62327383,no_fill,False,0,72301353310789545790,134,2,181030504,NVDA
12544284799,12544284799,72301353310789545790,0,0,139,1818230400,0,1817625900,False,30,1817625600,0,0,62721424,no_fill,False,0,72301353310789545790,139,2,182175000,NVDA
12560191185,12560191185,72301353310789545790,0,0,144,1818835200,0,1818230700,False,31,1818230400,0,0,62800956,no_fill,False,0,72301353310789545790,144,2,182406002,NVDA
13209457029,13209457029,72301353310789545790,0,0,149,1819440000,0,1818835500,False,32,1818835200,0,0,66047286,no_fill,False,0,72301353310789545790,149,2,191834997,NVDA
13046778984,13046778984,72301353310789545790,0,0,154,1820044800,0,1819440300,False,33,1819440000,0,0,65233895,no_fill,False,0,72301353310789545790,154,2,189472497,NVDA
12868918272,12868918272,72301353310789545790,0,0,159,1820649600,0,1820045100,False,34,1820044800,0,0,64344592,no_fill,False,0,72301353310789545790,159,2,186889506,NVDA
12593449190,12593449190,72301353310789545790,0,0,164,1821254400,0,1820649900,False,35,1820649600,0,0,62967246,no_fill,False,0,72301353310789545790,164,2,182888993,NVDA
12075772338,12075772338,72301353310789545790,0,0,168,1821859200,0,1821254700,False,36,1821254400,0,0,60378862,no_fill,False,0,72301353310789545790,168,2,175371005,NVDA
12856627174,12856627174,72301353310789545790,0,0,173,1822464000,0,1821859500,False,37,1821859200,0,0,64283136,no_fill,False,0,72301353310789545790,173,2,186711008,NVDA
12773479957,12773479957,72301353310789545790,0,0,178,1823068800,0,1822464300,False,38,1822464000,0,0,63867400,no_fill,False,0,72301353310789545790,178,2,185503499,NVDA
12883378322,12883378322,72301353310789545790,0,0,183,1823673600,0,1823069100,False,39,1823068800,0,0,64416892,no_fill,False,0,72301353310789545790,183,2,187099503,NVDA
13565179555,13565179555,72301353310789545790,0,0,188,1824278400,0,1823673900,False,40,1823673600,0,0,67825898,no_fill,False,0,72301353310789545790,188,2,197000995,NVDA
13242716137,13242716137,72301353310789545790,0,0,193,1824883200,0,1824278700,False,41,1824278400,0,0,66213581,no_fill,False,0,72301353310789545790,193,2,192318004,NVDA
13247054041,13247054041,72301353310789545790,0,0,198,1825488000,0,1824883500,False,42,1824883200,0,0,66235271,no_fill,False,0,72301353310789545790,198,2,192381002,NVDA
13466849670,13466849670,72301353310789545790,0,0,203,1826092800,0,1825488300,False,43,1825488000,0,0,67334249,no_fill,False,0,72301353310789545790,203,2,195572995,NVDA
14640301428,14640301428,72301353310789545790,0,0,208,1826697600,0,1826093100,False,44,1826092800,0,0,73201508,no_fill,False,0,72301353310789545790,208,2,212614506,NVDA
13603499184,13603499184,72301353310789545790,0,0,213,1827302400,0,1826697900,False,45,1826697600,0,0,68017496,no_fill,False,0,72301353310789545790,213,2,197557494,NVDA
13749548226,13749548226,72301353310789545790,0,0,218,1827907200,0,1827302700,False,46,1827302400,0,0,68747742,no_fill,False,0,72301353310789545790,218,2,199678499,NVDA
12933266433,12933266433,72301353310789545790,0,0,223,1828512000,0,1827907500,False,47,1827907200,0,0,64666333,no_fill,False,0,72301353310789545790,223,2,187824006,NVDA
12797339536,12797339536,72301353310789545790,0,0,227,1829116800,0,1828512300,False,48,1828512000,0,0,63986698,no_fill,False,0,72301353310789545790,227,2,185850000,NVDA
13188490122,13188490122,72301353310789545790,0,0,232,1829721600,0,1829117100,False,49,1829116800,0,0,65942451,no_fill,False,0,72301353310789545790,232,2,191530504,NVDA
12654183165,12654183165,72301353310789545790,0,0,237,1830326400,0,1829721900,False,50,1829721600,0,0,63270916,no_fill,False,0,72301353310789545790,237,2,183771005,NVDA
13085822332,13085822332,72301353310789545790,0,0,242,1830931200,0,1830326700,False,51,1830326400,0,0,65429112,no_fill,False,0,72301353310789545790,242,2,190039506,NVDA
13775576758,13775576758,72301353310789545790,0,0,246,1831363200,0,1830931500,False,52,1830931200,0,0,49198489,no_fill,False,0,72301353310789545790,246,2,200056499,NVDA
9883620051,9883620051,72301353310789545790,57142858,0,5,1800691200,135910003660000000000,1800000300,True,1,1800000000,0,0,57142858,physical,False,57142858,72301353310789545790,0,6,145225498,NVDA
10062870641,10062870641,72301353310789545790,106250792,0,10,1801296000,137710006710000000000,1800691801,True,2,1800691501,0,0,49107934,physical,False,49107934,72301353310789545790,5,6,142705504,NVDA
10467627771,10467627771,72301353310789545790,156009115,0,14,1801900800,142619995120000000000,1801296601,True,3,1801296301,0,0,49758323,physical,False,49758323,72301353310789545790,10,6,144595508,NVDA
8888765018,8888765018,72301353310789545790,207541549,0,19,1802505600,120069999690000000000,1801901401,True,4,1801901101,0,0,51532434,physical,False,51532434,72301353310789545790,14,6,149750995,NVDA
9366210731,9366210731,0,9366210731,0,24,1803110400,129839996340000000000,1802506201,True,5,1802505901,0,272322782,43384515,physical,False,-228938267,72301353310789545790,19,5,126073500,NVDA
9883620051,9883620051,72301353310789545790,57142858,0,5,1800691200,135910003660000000000,1800000300,True,1,1800000000,0,0,57142858,premium_reinvest,False,57142858,72301353310789545790,0,6,145225498,NVDA
10063738461,10063738461,72720538267494593678,49392649,0,10,1801296000,137710006710000000000,1800691801,True,2,1800691501,0,0,49392649,premium_reinvest,False,49392649,72720538267494593678,5,6,142705504,NVDA
10472695982,10472695982,73078133711547564198,50292909,0,14,1801900800,142619995120000000000,1801296601,True,3,1801296301,0,0,50292909,premium_reinvest,False,50292909,73078133711547564198,10,6,144595508,NVDA
8869042109,8869042109,73429711552773898970,52336666,0,19,1802505600,120069999690000000000,1801901401,True,4,1801901101,0,0,52336666,premium_reinvest,False,52336666,73429711552773898970,14,6,149750995,NVDA
9356651735,9356651735,0,9356651735,0,24,1803110400,129839996340000000000,1802506201,True,5,1802505901,0,278209571,44322356,premium_reinvest,False,-233887215,73864288517333896130,19,5,126073500,NVDA
9358949074,9358949074,0,9358949074,0,29,1803715200,138850006100000000000,1803111001,True,6,1803110701,0,856971,220837,premium_reinvest,False,-636134,340337255434645370,24,5,136331997,NVDA
9883620051,9883620051,72301353310789545790,57142858,0,5,1800691200,135910003660000000000,1800000300,True,1,1800000000,0,0,57142858,wheel,False,57142858,72301353310789545790,0,6,145225498,NVDA
10062870641,10062870641,72301353310789545790,106250792,0,10,1801296000,137710006710000000000,1800691801,True,2,1800691501,0,0,49107934,wheel,False,49107934,72301353310789545790,5,6,142705504,NVDA
10467627771,10467627771,72301353310789545790,156009115,0,14,1801900800,142619995120000000000,1801296601,True,3,1801296301,0,0,49758323,wheel,False,49758323,72301353310789545790,10,6,144595508,NVDA
8888765018,8888765018,72301353310789545790,207541549,0,19,1802505600,120069999690000000000,1801901401,True,4,1801901101,0,0,51532434,wheel,False,51532434,72301353310789545790,14,6,149750995,NVDA
9366210731,9366210731,0,9366210731,0,24,1803110400,129839996340000000000,1802506201,True,5,1802505901,0,272322782,43384515,wheel,False,-228938267,72301353310789545790,19,5,126073500,NVDA
9415482044,9415482044,0,9415482044,9366210731,29,1803715200,138850006100000000000,1803111001,True,6,1803110701,0,0,49271313,wheel,True,49271313,75933221736330438639,24,6,123347996,NVDA
9465012551,9465012551,0,9465012551,9415482044,33,1804320000,134429992680000000000,1803715801,True,7,1803715501,0,0,49530507,wheel,True,49530507,71379426394275291614,29,6,131907505,NVDA
9308136555,9308136555,74114198113668133254,49791063,9465012551,38,1804924800,124919998170000000000,1804320601,True,8,1804320301,0,206667059,49791063,wheel,True,-156875996,74114198113668133254,33,5,127708493,NVDA
8447988918,8447988918,74114198113668133254,96059752,0,43,1805529600,112690002440000000000,1804925401,True,9,1804925101,0,0,46268689,wheel,False,46268689,74114198113668133254,38,6,131165999,NVDA
8907324273,8907324273,0,8907324273,0,48,1806134400,121669998170000000000,1805530201,True,10,1805529901,0,247948690,41738863,wheel,False,-206209827,74114198113668133254,43,5,118324503,NVDA
8954181596,8954181596,0,8954181596,8907324273,53,1806739200,117699996950000000000,1806135001,True,11,1806134701,0,0,46857323,wheel,True,46857323,77061978925946869676,48,6,115586498,NVDA
8829513204,8829513204,80080327650502910624,47103818,8954181596,58,1807344000,109669998170000000000,1806739801,True,12,1806739501,0,171772210,47103818,wheel,True,-124668392,80080327650502910624,53,5,111814997,NVDA
7643369516,7643369516,80080327650502910624,90994011,0,63,1807948800,94309997560000000000,1807344601,True,13,1807344301,0,0,43890193,wheel,False,43890193,80080327650502910624,58,6,115153499,NVDA
8058731421,8058731421,0,8058731421,0,68,1808553600,110930000310000000000,1807949401,True,14,1807949101,0,953316445,37743084,wheel,False,-915573361,80080327650502910624,63,5,99025498,NVDA
7797327344,7797327344,76470523573424682232,36334071,8058731421,72,1809072000,101489997860000000000,1808554201,True,15,1808553901,0,297738148,36334071,wheel,True,-261404077,76470523573424682232,68,5,105383500,NVDA
8229706249,8229706249,0,8229706249,0,77,1809763200,111010002140000000000,1809072601,True,16,1809072301,0,339950028,44329221,wheel,False,-295620807,76470523573424682232,72,5,106564498,NVDA
8272998936,8272998936,0,8272998936,8229706249,82,1810368000,114500000000000000000,1809763801,True,17,1809763501,0,0,43292687,wheel,True,43292687,78036650021351324037,77,6,105459502,NVDA
8316519366,8316519366,0,8316519366,8272998936,87,1810972800,116650001530000000000,1810368601,True,18,1810368301,0,0,43520430,wheel,True,43520430,76056069280625143645,82,6,108775000,NVDA
8360268737,8360268737,0,8360268737,8316519366,92,1811577600,135399993900000000000,1810973401,True,19,1810973101,0,0,43749371,wheel,True,43749371,75046985277172059673,87,6,110817501,NVDA
8404248253,8404248253,0,8404248253,8360268737,97,1812182400,131289993290000000000,1811578201,True,20,1811577901,0,0,43979516,wheel,True,43979516,64994706732241626319,92,6,128629994,NVDA
8448459125,8448459125,0,8448459125,8404248253,101,1812787200,135130004880000000000,1812183001,True,21,1812182701,0,0,44210872,wheel,True,44210872,67381960582829686630,97,6,124725493,NVDA
8492902570,8492902570,0,8492902570,8448459125,106,1813392000,141720001220000000000,1812787801,True,22,1812787501,0,0,44443445,wheel,True,44443445,65811548814621434653,101,6,128373504,NVDA
8537579811,8537579811,0,8537579811,8492902570,111,1813996800,141970001220000000000,1813392601,True,23,1813392301,0,0,44677241,wheel,True,44677241,63081409650746396521,106,6,134634001,NVDA
8582492079,8582492079,0,8582492079,8537579811,115,1814601600,143850006100000000000,1813997401,True,24,1813997101,0,0,44912268,wheel,True,44912268,63301585195526221658,111,6,134871501,NVDA
8627640610,8627640610,0,8627640610,8582492079,120,1815206400,157750000000000000000,1814602201,True,25,1814601901,0,0,45148531,wheel,True,45148531,62802932623422328689,115,6,136657505,NVDA
8666539698,8666539698,0,8666539698,8627640610,124,1815724800,159339996340000000000,1815207001,True,26,1815206701,0,0,38899088,wheel,True,38899088,57570376912169488697,120,6,149862500,NVDA
8718646560,8718646560,0,8718646560,8666539698,129,1816416000,164919998170000000000,1815725401,True,27,1815725101,0,0,52106862,wheel,True,52106862,57252878168573739532,124,6,151372996,NVDA
8764511336,8764511336,0,8764511336,8718646560,134,1817020800,172410003660000000000,1816416601,True,28,1816416301,0,0,45864776,wheel,True,45864776,55648331384254329170,129,6,156673998,NVDA
8810617386,8810617386,0,8810617386,8764511336,139,1817625600,173500000000000000000,1817021401,True,29,1817021101,0,0,46106050,wheel,True,46106050,53510824414675707270,134,6,163789503,NVDA
8856965978,8856965978,0,8856965978,8810617386,144,1818230400,173720001220000000000,1817626201,True,30,1817625901,0,0,46348592,wheel,True,46348592,53454375161534961322,139,6,164825000,NVDA
8903558389,8903558389,0,8903558389,8856965978,149,1818835200,182699996950000000000,1818231001,True,31,1818230701,0,0,46592411,wheel,True,46592411,53667522597358589155,144,6,165034001,NVDA
8950395901,8950395901,0,8950395901,8903558389,154,1819440000,180449996950000000000,1818835801,True,32,1818835501,0,0,46837512,wheel,True,46837512,51298121988271632903,149,6,173564997,NVDA
8997479804,8997479804,0,8997479804,8950395901,159,1820044800,177990005490000000000,1819440601,True,33,1819440301,0,0,47083903,wheel,True,47083903,52210969988087733673,154,6,171427497,NVDA
9044811393,9044811393,0,9044811393,8997479804,164,1820649600,174179992680000000000,1820045401,True,34,1820045101,0,0,47331589,wheel,True,47331589,53211029229583293278,159,6,169090505,NVDA
9092391972,9092391972,0,9092391972,9044811393,168,1821254400,167020004270000000000,1820650201,True,35,1820649901,0,0,47580579,wheel,True,47580579,54661008730394214773,164,6,165470993,NVDA
9140222851,9140222851,0,9140222851,9092391972,173,1821859200,177820007320000000000,1821255001,True,36,1821254701,0,0,47830879,wheel,True,47830879,57304147267477647997,168,6,158669004,NVDA
9188305346,9188305346,0,9188305346,9140222851,178,1822464000,176669998170000000000,1821859801,True,37,1821859501,0,0,48082495,wheel,True,48082495,54106888256952154208,173,6,168929006,NVDA
9236640781,9236640781,0,9236640781,9188305346,183,1823068800,178190002440000000000,1822464601,True,38,1822464301,0,0,48335435,wheel,True,48335435,54745573552184102411,178,6,167836498,NVDA
9285230486,9285230486,0,9285230486,9236640781,188,1823673600,187619995120000000000,1823069401,True,39,1823069101,0,0,48589705,wheel,True,48589705,54564115015443420648,183,6,169280502,NVDA
9334075799,9334075799,0,9334075799,9285230486,193,1824278400,183160003660000000000,1823674201,True,40,1823673901,0,0,48845313,wheel,True,48845313,52094270874900298893,188,6,178238995,NVDA
9383178065,9383178065,0,9383178065,9334075799,198,1824883200,183220001220000000000,1824279001,True,41,1824278701,0,0,49102266,wheel,True,49102266,53643496270557299274,193,6,174002003,NVDA
9432538635,9432538635,0,9432538635,9383178065,203,1825488000,186259994510000000000,1824883801,True,42,1824883501,0,0,49360570,wheel,True,49360570,53908031248553471819,198,6,174059001,NVDA
9482158868,9482158868,0,9482158868,9432538635,208,1826092800,202490005490000000000,1825488601,True,43,1825488301,0,0,49620233,wheel,True,49620233,53307142561574117500,203,6,176946994,NVDA
9324247438,9324247438,49292407534292595754,49881262,9482158868,213,1826697600,188149993900000000000,1826093401,True,44,1826093101,0,207792692,49881262,wheel,True,-157911430,49292407534292595754,208,5,192365505,NVDA
9470167065,9470167065,49292407534292595754,96230015,0,218,1827302400,190169998170000000000,1826698201,True,45,1826697901,0,0,46348753,wheel,False,46348753,49292407534292595754,213,6,197557494,NVDA
8960502474,8960502474,49292407534292595754,143076374,0,223,1827907200,178880004880000000000,1827303001,True,46,1827302701,0,0,46846359,wheel,False,46846359,49292407534292595754,218,6,199678499,NVDA
8911897696,8911897696,49292407534292595754,187141563,0,227,1828512000,177000000000000000000,1827907801,True,47,1827907501,0,0,44065189,wheel,False,44065189,49292407534292595754,223,6,187824006,NVDA
9222171871,9222171871,49292407534292595754,230743633,0,232,1829116800,182410003660000000000,1828512601,True,48,1828512301,0,0,43602070,wheel,False,43602070,49292407534292595754,227,6,185850000,NVDA
8902835777,8902835777,49292407534292595754,275678400,0,237,1829721600,175020004270000000000,1829117401,True,49,1829117101,0,0,44934767,wheel,False,44934767,49292407534292595754,232,6,191530504,NVDA
9240225829,9240225829,49292407534292595754,318792719,0,242,1830326400,180990005490000000000,1829722201,True,50,1829721901,0,0,43114319,wheel,False,43114319,49292407534292595754,237,6,183771005,NVDA
9730882463,9730882463,0,9730882463,0,246,1830931200,190529998780000000000,1830327001,True,51,1830326701,0,24177569,44584966,wheel,False,20407397,49292407534292595754,242,5,190039506,NVDA
9767439240,9767439240,0,9767439240,9730882463,249,1831363200,186500000000000000000,1830931801,True,52,1830931501,0,0,36556777,wheel,True,36556777,53760742585206833958,246,6,181003498,NVDA
0,10464757061,26365745708094836964,57142858,0,5,1800691200,394739990230000000000,1800000300,True,1,1800000000,0,0,57142858,netshare,False,57142858,26365745708094836964,0,6,398243999,TSLA
0,11037149951,25622496882055255943,109155031,0,10,1801296000,426500000000000000000,1800691801,True,2,1800691501,0,316995624,52012173,netshare,False,-264983451,26365745708094836964,5,7,414476990,TSLA
0,10581362251,25622496882055255943,163767813,0,14,1801900800,406579986570000000000,1801296601,True,3,1801296301,0,0,54612782,netshare,False,54612782,25622496882055255943,10,6,447825000,TSLA
0,10582692256,25622496882055255943,215829862,0,19,1802505600,404600006100000000000,1801901401,True,4,1801901101,0,0,52062049,netshare,False,52062049,25622496882055255943,14,6,426908986,TSLA
0,9533245574,25622496882055255943,267638377,0,24,1803110400,361619995120000000000,1802506201,True,5,1802505901,0,0,51808515,netshare,False,51808515,25622496882055255943,19,6,424830007,TSLA
0,9431452553,25622496882055255943,313943357,0,29,1803715200,355839996340000000000,1803111001,True,6,1803110701,0,0,46304980,netshare,False,46304980,25622496882055255943,24,6,379700995,TSLA
0,9014787348,25622496882055255943,359508215,0,33,1804320000,337799987790000000000,1803715801,True,7,1803715501,0,0,45564858,netshare,False,45564858,25622496882055255943,29,6,373631997,TSLA
0,7909642491,25622496882055255943,402763073,0,38,1804924800,292980010990000000000,1804320601,True,8,1804320301,0,0,43254858,netshare,False,43254858,25622496882055255943,33,6,354689988,TSLA
0,7170540390,25622496882055255943,440278790,0,43,1805529600,262670013430000000000,1804925401,True,9,1804925101,0,0,37515717,netshare,False,37515717,25622496882055255943,38,6,307629012,TSLA
0,6879025012,25622496882055255943,473913351,0,48,1806134400,249979995730000000000,1805530201,True,10,1805529901,0,0,33634561,netshare,False,33634561,25622496882055255943,43,6,275803515,TSLA
0,6878494342,25622496882055255943,505922971,0,53,1806739200,248710006710000000000,1806135001,True,11,1806134701,0,0,32009620,netshare,False,32009620,25622496882055255943,48,6,262478996,TSLA
0,7228969955,25388731908731742405,537769971,0,58,1807344000,263549987790000000000,1806739801,True,12,1806739501,0,61608755,31847000,netshare,False,-29761755,25622496882055255943,53,7,261145508,TSLA
0,6650033216,25388731908731742405,571209321,0,63,1807948800,239429992680000000000,1807344601,True,13,1807344301,0,0,33439350,netshare,False,33439350,25388731908731742405,58,6,276727488,TSLA
0,6984353435,25297313555244898906,601588314,0,68,1808553600,252309997560000000000,1807949401,True,14,1807949101,0,23065764,30378993,netshare,False,7313229,25388731908731742405,63,7,251401493,TSLA
0,6734939588,25297313555244898906,628927139,0,72,1809072000,241369995120000000000,1808554201,True,15,1808553901,0,0,27338825,netshare,False,27338825,25297313555244898906,68,6,264925498,TSLA
0,7075116524,22499781733591808150,663803445,0,77,1809763200,284950012210000000000,1809072601,True,16,1809072301,0,797156726,34876306,netshare,False,-762280420,25297313555244898906,72,7,253438495,TSLA
0,7158006176,22499781733591808150,695844057,0,82,1810368000,287209991460000000000,1809763801,True,17,1809763501,0,0,32040612,netshare,False,32040612,22499781733591808150,77,6,299197513,TSLA
0,7438923906,22499781733591808150,728138787,0,87,1810972800,298260009770000000000,1810368601,True,18,1810368301,0,0,32294730,netshare,False,32294730,22499781733591808150,82,6,301570492,TSLA
0,7808000426,20133505317494408905,761676014,0,92,1811577600,349980010990000000000,1810973401,True,19,1810973101,0,828149446,33537227,netshare,False,-794612219,22499781733591808150,87,7,313173011,TSLA
0,7628993722,20133505317494408905,796890102,0,97,1812182400,339339996340000000000,1811578201,True,20,1811577901,0,0,35214088,netshare,False,35214088,20133505317494408905,92,6,367479012,TSLA
0,7806487699,20133505317494408905,831033619,0,101,1812787200,346459991460000000000,1812183001,True,21,1812182701,0,0,34143517,netshare,False,34143517,20133505317494408905,97,6,356306997,TSLA
0,6808096586,20133505317494408905,865893532,0,106,1813392000,295140014650000000000,1812787801,True,22,1812787501,0,0,34859913,netshare,False,34859913,20133505317494408905,101,6,363782992,TSLA
0,7134902991,19179592625650695624,895589761,0,111,1813996800,325309997560000000000,1813392601,True,23,1813392301,0,310317335,29696229,netshare,False,-280621106,20133505317494408905,106,7,309897016,TSLA
0,7105668432,19179592625650695624,926770802,0,115,1814601600,322160003660000000000,1813997401,True,24,1813997101,0,0,31181041,netshare,False,31181041,19179592625650695624,111,6,341575498,TSLA
0,7164741570,19179592625650695624,957649915,0,120,1815206400,323630004880000000000,1814602201,True,25,1814601901,0,0,30879113,netshare,False,30879113,19179592625650695624,115,6,338268004,TSLA
0,7032520942,19179592625650695624,984236291,0,124,1815724800,315350006100000000000,1815207001,True,26,1815206701,0,0,26586376,netshare,False,26586376,19179592625650695624,120,6,339811506,TSLA
0,7031777138,19179592625650695624,1018782867,0,129,1816416000,313510009770000000000,1815725401,True,27,1815725101,0,0,34546576,netshare,False,34546576,19179592625650695624,124,6,331117507,TSLA
0,7362476892,19152568279431621121,1048832876,0,134,1817020800,329649993900000000000,1816416601,True,28,1816416301,0,8908575,30050009,netshare,False,21141434,19179592625650695624,129,7,329185511,TSLA
0,7133746069,19152568279431621121,1080385386,0,139,1817625600,316059997560000000000,1817021401,True,29,1817021101,0,0,31552510,netshare,False,31552510,19152568279431621121,134,6,346132494,TSLA
0,6906778958,19152568279431621121,1110637127,0,144,1818230400,302630004880000000000,1817626201,True,30,1817625901,0,0,30251741,netshare,False,30251741,19152568279431621121,139,6,331862998,TSLA
0,7225552369,18461850658191947092,1139603413,0,149,1818835200,329649993900000000000,1818231001,True,31,1818230701,0,227695059,28966286,netshare,False,-198728773,19152568279431621121,144,7,317761506,TSLA
0,7272767322,18461850658191947092,1170018014,0,154,1819440000,330559997560000000000,1818835801,True,32,1818835501,0,0,30414601,netshare,False,30414601,18461850658191947092,149,6,346132494,TSLA
0,7477730597,18461850658191947092,1200516575,0,159,1820044800,340010009770000000000,1819440601,True,33,1819440301,0,0,30498561,netshare,False,30498561,18461850658191947092,154,6,347087998,TSLA
0,7395745014,18461850658191947092,1231887025,0,164,1820649600,333869995120000000000,1820045401,True,34,1820045101,0,0,31370450,netshare,False,31370450,18461850658191947092,159,6,357010511,TSLA
0,7734741874,18447300663245416733,1262690977,0,168,1821254400,350839996340000000000,1820650201,True,35,1820649901,0,5104720,30803952,netshare,False,25699232,18461850658191947092,164,7,350563495,TSLA
0,8090688592,17163341474109936276,1295035127,0,173,1821859200,395940002440000000000,1821255001,True,36,1821254701,0,508370804,32344150,netshare,False,-476026654,18447300663245416733,168,7,368381997,TSLA
0,8464432635,16747097962030608271,1328996484,0,178,1822464000,426070007320000000000,1821859801,True,37,1821859501,0,177348876,33961357,netshare,False,-143387519,17163341474109936276,173,7,415737003,TSLA
0,8740077749,16747097962030608271,1364655909,0,183,1823068800,440399993900000000000,1822464601,True,38,1822464301,0,0,35659425,netshare,False,35659425,16747097962030608271,178,6,447373508,TSLA
0,8599919558,16747097962030608271,1401514666,0,188,1823673600,429829986570000000000,1823069401,True,39,1823069101,0,0,36858757,netshare,False,36858757,16747097962030608271,183,6,462419994,TSLA
0,8362246150,16747097962030608271,1437488778,0,193,1824278400,413489990230000000000,1823674201,True,40,1823673901,0,0,35974112,netshare,False,35974112,16747097962030608271,188,6,451321486,TSLA
0,8743090588,16550944197304616322,1472095334,0,198,1824883200,439309997560000000000,1824279001,True,41,1824278701,0,86172309,34606556,netshare,False,-51565753,16747097962030608271,193,7,434164490,TSLA
0,8686907754,16550944197304616322,1508432217,0,203,1825488000,433720001220000000000,1824883801,True,42,1824883501,0,0,36336883,netshare,False,36336883,16550944197304616322,198,6,461275498,TSLA
0,9081706067,16509110250015168314,1544306732,0,208,1826092800,456559997560000000000,1825488601,True,43,1825488301,0,19099706,35874515,netshare,False,16774809,16550944197304616322,203,7,455406002,TSLA
0,8672967826,16509110250015168314,1581974973,0,213,1826697600,429519989010000000000,1826093401,True,44,1826093101,0,0,37668241,netshare,False,37668241,16509110250015168314,208,6,479387998,TSLA
0,8292871122,16509110250015168314,1617412292,0,218,1827302400,404350006100000000000,1826698201,True,45,1826697901,0,0,35437319,netshare,False,35437319,16509110250015168314,213,6,450995989,TSLA
0,8107320842,16509110250015168314,1650772975,0,223,1827907200,391089996340000000000,1827303001,True,46,1827302701,0,0,33360683,netshare,False,33360683,16509110250015168314,218,6,424567507,TSLA
0,8462414929,15759757932115605266,1683039648,0,227,1828512000,430170013430000000000,1827907801,True,47,1827907501,0,322348896,32266673,netshare,False,-290082223,16509110250015168314,223,7,410644497,TSLA
0,8835263714,15644712218763620649,1716919655,0,232,1829116800,455000000000000000000,1828512601,True,48,1828512301,0,52345799,33880007,netshare,False,-18465792,15759757932115605266,227,7,451678515,TSLA
0,8932790648,15644712218763620649,1752493662,0,237,1829721600,458959991460000000000,1829117401,True,49,1829117101,0,0,35574007,netshare,False,35574007,15644712218763620649,232,6,477750000,TSLA
0,9316612990,15644712218763620649,1788377280,0,242,1830326400,481200012210000000000,1829722201,True,50,1829721901,0,0,35883618,netshare,False,35883618,15644712218763620649,237,6,481907992,TSLA
0,9260210563,15644712218763620649,1825999726,0,246,1830931200,475190002440000000000,1830327001,True,51,1830326701,0,0,37622446,netshare,False,37622446,15644712218763620649,242,6,505260013,TSLA
0,8888271978,15644712218763620649,1852531980,0,249,1831363200,449720001220000000000,1830931801,True,52,1830931501,0,0,26532254,netshare,False,26532254,15644712218763620649,246,6,498949503,TSLA
10464757061,10464757061,26365745708094836964,57142858,0,5,1800691200,394739990230000000000,1800000300,True,1,1800000000,0,0,57142858,no_exercise,False,57142858,26365745708094836964,0,6,398243999,TSLA
11354145575,11354145575,26365745708094836964,109155031,0,10,1801296000,426500000000000000000,1800691801,True,2,1800691501,0,0,52012173,no_exercise,False,52012173,26365745708094836964,5,8,414476990,TSLA
10884467192,10884467192,26365745708094836964,164682657,0,14,1801900800,406579986570000000000,1801303801,True,3,1801303501,0,0,55527626,no_exercise,False,55527626,26365745708094836964,10,6,447825000,TSLA
10885835779,10885835779,26365745708094836964,218254905,0,19,1802505600,404600006100000000000,1801901401,True,4,1801901101,0,0,53572248,no_exercise,False,53572248,26365745708094836964,14,6,426908986,TSLA
9805947098,9805947098,26365745708094836964,271566264,0,24,1803110400,361619995120000000000,1802506201,True,5,1802505901,0,0,53311359,no_exercise,False,53311359,26365745708094836964,19,6,424830007,TSLA
9701201299,9701201299,26365745708094836964,319214443,0,29,1803715200,355839996340000000000,1803111001,True,6,1803110701,0,0,47648179,no_exercise,False,47648179,26365745708094836964,24,6,379700995,TSLA
9272449609,9272449609,26365745708094836964,366101031,0,33,1804320000,337799987790000000000,1803715801,True,7,1803715501,0,0,46886588,no_exercise,False,46886588,26365745708094836964,29,6,373631997,TSLA
8135247079,8135247079,26365745708094836964,410610612,0,38,1804924800,292980010990000000000,1804320601,True,8,1804320301,0,0,44509581,no_exercise,False,44509581,26365745708094836964,33,6,354689988,TSLA
7374705352,7374705352,26365745708094836964,449214573,0,43,1805529600,262670013430000000000,1804925401,True,9,1804925101,0,0,38603961,no_exercise,False,38603961,26365745708094836964,38,6,307629012,TSLA
7074733793,7074733793,26365745708094836964,483824794,0,48,1806134400,249979995730000000000,1805530201,True,10,1805529901,0,0,34610221,no_exercise,False,34610221,26365745708094836964,43,6,275803515,TSLA
7074187730,7074187730,26365745708094836964,516762939,0,53,1806739200,248710006710000000000,1806135001,True,11,1806134701,0,0,32938145,no_exercise,False,32938145,26365745708094836964,48,6,262478996,TSLA
7498225705,7498225705,26365745708094836964,549533746,0,58,1807344000,263549987790000000000,1806739801,True,12,1806739501,0,0,32770807,no_exercise,False,32770807,26365745708094836964,53,8,261145508,TSLA
6896596603,6896596603,26365745708094836964,583846302,0,63,1807948800,239429992680000000000,1807351801,True,13,1807351501,0,0,34312556,no_exercise,False,34312556,26365745708094836964,58,6,276727488,TSLA
7267735580,7267735580,26365745708094836964,615394345,0,68,1808553600,252309997560000000000,1807949401,True,14,1807949101,0,0,31548043,no_exercise,False,31548043,26365745708094836964,63,8,251401493,TSLA
7007391765,7007391765,26365745708094836964,643491853,0,72,1809072000,241369995120000000000,1808561401,True,15,1808561101,0,0,28097508,no_exercise,False,28097508,26365745708094836964,68,6,264925498,TSLA
8192760721,8192760721,26365745708094836964,679841160,0,77,1809763200,284950012210000000000,1809072601,True,16,1809072301,0,0,36349307,no_exercise,False,36349307,26365745708094836964,72,8,253438495,TSLA
8289445464,8289445464,26365745708094836964,716939865,0,82,1810368000,287209991460000000000,1809771001,True,17,1809770701,0,0,37098705,no_exercise,False,37098705,26365745708094836964,77,6,299197513,TSLA
8618631122,8618631122,26365745708094836964,754783550,0,87,1810972800,298260009770000000000,1810368601,True,18,1810368301,0,0,37843685,no_exercise,False,37843685,26365745708094836964,82,6,301570492,TSLA
10021567192,10021567192,26365745708094836964,794083220,0,92,1811577600,349980010990000000000,1810973401,True,19,1810973101,0,0,39299670,no_exercise,False,39299670,26365745708094836964,87,8,313173011,TSLA
9786600475,9786600475,26365745708094836964,839648423,0,97,1812182400,339339996340000000000,1811585401,True,20,1811585101,0,0,45565203,no_exercise,False,45565203,26365745708094836964,92,6,367479012,TSLA
10019036952,10019036952,26365745708094836964,884360920,0,101,1812787200,346459991460000000000,1812183001,True,21,1812182701,0,0,44712497,no_exercise,False,44712497,26365745708094836964,97,6,356306997,TSLA
8711598144,8711598144,26365745708094836964,930011570,0,106,1813392000,295140014650000000000,1812787801,True,22,1812787501,0,0,45650650,no_exercise,False,45650650,26365745708094836964,101,6,363782992,TSLA
9545940810,9545940810,26365745708094836964,968900139,0,111,1813996800,325309997560000000000,1813392601,True,23,1813392301,0,0,38888569,no_exercise,False,38888569,26365745708094836964,106,8,309897016,TSLA
9505242194,9505242194,26365745708094836964,1011253461,0,115,1814601600,322160003660000000000,1814004601,True,24,1814004301,0,0,42353322,no_exercise,False,42353322,26365745708094836964,111,6,341575498,TSLA
9586448681,9586448681,26365745708094836964,1053702269,0,120,1815206400,323630004880000000000,1814602201,True,25,1814601901,0,0,42448808,no_exercise,False,42448808,26365745708094836964,115,6,338268004,TSLA
9404688019,9404688019,26365745708094836964,1090249950,0,124,1815724800,315350006100000000000,1815207001,True,26,1815206701,0,0,36547681,no_exercise,False,36547681,26365745708094836964,120,6,339811506,TSLA
9403665529,9403665529,26365745708094836964,1137740335,0,129,1816416000,313510009770000000000,1815725401,True,27,1815725101,0,0,47490385,no_exercise,False,47490385,26365745708094836964,124,6,331117507,TSLA
9870517303,9870517303,26365745708094836964,1179049392,0,134,1817020800,329649993900000000000,1816416601,True,28,1816416301,0,0,41309057,no_exercise,False,41309057,26365745708094836964,129,8,329185511,TSLA
9555125279,9555125279,26365745708094836964,1221967755,0,139,1817625600,316059997560000000000,1817028601,True,29,1817028301,0,0,42918363,no_exercise,False,42918363,26365745708094836964,134,6,346132494,TSLA
9242678559,9242678559,26365745708094836964,1263612807,0,144,1818230400,302630004880000000000,1817626201,True,30,1817625901,0,0,41645052,no_exercise,False,41645052,26365745708094836964,139,6,331862998,TSLA
9994956192,9994956192,26365745708094836964,1303488281,0,149,1818835200,329649993900000000000,1818231001,True,31,1818230701,0,0,39875474,no_exercise,False,39875474,26365745708094836964,144,8,317761506,TSLA
10061867480,10061867480,26365745708094836964,1346406644,0,154,1819440000,330559997560000000000,1818843001,True,32,1818842701,0,0,42918363,no_exercise,False,42918363,26365745708094836964,149,6,346132494,TSLA
10354579716,10354579716,26365745708094836964,1389962261,0,159,1820044800,340010009770000000000,1819440601,True,33,1819440301,0,0,43555617,no_exercise,False,43555617,26365745708094836964,154,6,347087998,TSLA
10237494431,10237494431,26365745708094836964,1434763041,0,164,1820649600,333869995120000000000,1820045401,True,34,1820045101,0,0,44800780,no_exercise,False,44800780,26365745708094836964,159,6,357010511,TSLA
10728912921,10728912921,26365745708094836964,1478754794,0,168,1821254400,350839996340000000000,1820650201,True,35,1820649901,0,0,43991753,no_exercise,False,43991753,26365745708094836964,164,8,350563495,TSLA
11963685381,11963685381,26365745708094836964,1524431962,0,173,1821859200,395940002440000000000,1821262201,True,36,1821261901,0,0,45677168,no_exercise,False,45677168,26365745708094836964,168,8,368381997,TSLA
12809634334,12809634334,26365745708094836964,1575980868,0,178,1822464000,426070007320000000000,1821867001,True,37,1821866701,0,0,51548906,no_exercise,False,51548906,26365745708094836964,173,8,415737003,TSLA
13242926761,13242926761,26365745708094836964,1631452512,0,183,1823068800,440399993900000000000,1822471801,True,38,1822471501,0,0,55471644,no_exercise,False,55471644,26365745708094836964,178,6,447373508,TSLA
13022269112,13022269112,26365745708094836964,1689480989,0,188,1823673600,429829986570000000000,1823069401,True,39,1823069101,0,0,58028477,no_exercise,False,58028477,26365745708094836964,183,6,462419994,TSLA
12648088664,12648088664,26365745708094836964,1746116729,0,193,1824278400,413489990230000000000,1823674201,True,40,1823673901,0,0,56635740,no_exercise,False,56635740,26365745708094836964,188,6,451321486,TSLA
13383335142,13383335142,26365745708094836964,1800599460,0,198,1824883200,439309997560000000000,1824279001,True,41,1824278701,0,0,54482731,no_exercise,False,54482731,26365745708094836964,193,8,434164490,TSLA
13293146128,13293146128,26365745708094836964,1857794868,0,203,1825488000,433720001220000000000,1824891001,True,42,1824890701,0,0,57195408,no_exercise,False,57195408,26365745708094836964,198,6,461275498,TSLA
13952487965,13952487965,26365745708094836964,1914943169,0,208,1826092800,456559997560000000000,1825488601,True,43,1825488301,0,0,57148301,no_exercise,False,57148301,26365745708094836964,203,8,455406002,TSLA
13298999224,13298999224,26365745708094836964,1974384418,0,213,1826697600,429519989010000000000,1826100601,True,44,1826100301,0,0,59441249,no_exercise,False,59441249,26365745708094836964,208,6,479387998,TSLA
12691968749,12691968749,26365745708094836964,2030979312,0,218,1827302400,404350006100000000000,1826698201,True,45,1826697901,0,0,56594894,no_exercise,False,56594894,26365745708094836964,213,6,450995989,TSLA
12395637123,12395637123,26365745708094836964,2084257731,0,223,1827907200,391089996340000000000,1827303001,True,46,1827302701,0,0,53278419,no_exercise,False,53278419,26365745708094836964,218,6,424567507,TSLA
13477542154,13477542154,26365745708094836964,2135788969,0,227,1828512000,430170013430000000000,1827907801,True,47,1827907501,0,0,51531238,no_exercise,False,51531238,26365745708094836964,223,8,410644497,TSLA
14188208705,14188208705,26365745708094836964,2191794408,0,232,1829116800,455000000000000000000,1828519801,True,48,1828519501,0,0,56005439,no_exercise,False,56005439,26365745708094836964,227,8,451678515,TSLA
14351854981,14351854981,26365745708094836964,2251032556,0,237,1829721600,458959991460000000000,1829124601,True,49,1829124301,0,0,59238148,no_exercise,False,59238148,26365745708094836964,232,6,477750000,TSLA
14998703713,14998703713,26365745708094836964,2311506557,0,242,1830326400,481200012210000000000,1829722201,True,50,1829721901,0,0,60474001,no_exercise,False,60474001,26365745708094836964,237,6,481907992,TSLA
14903649739,14903649739,26365745708094836964,2374910972,0,246,1830931200,475190002440000000000,1830327001,True,51,1830326701,0,0,63404415,no_exercise,False,63404415,26365745708094836964,242,6,505260013,TSLA
14276828483,14276828483,26365745708094836964,2419625291,0,249,1831363200,449720001220000000000,1830931801,True,52,1830931501,0,0,44714319,no_exercise,False,44714319,26365745708094836964,246,6,498949503,TSLA
9999999999,9999999999,26365745708094836964,0,0,0,1800691200,0,1800000300,False,1,1800000000,0,0,57142858,no_fill,False,0,26365745708094836964,0,2,398243999,TSLA
10407614203,10407614203,26365745708094836964,0,0,5,1801296000,0,1800691500,False,2,1800691200,0,0,52038072,no_fill,False,0,26365745708094836964,5,2,414476990,TSLA
11244990544,11244990544,26365745708094836964,0,0,10,1801900800,0,1801296300,False,3,1801296000,0,0,56224953,no_fill,False,0,26365745708094836964,10,2,447825000,TSLA
10719784535,10719784535,26365745708094836964,0,0,14,1802505600,0,1801901100,False,4,1801900800,0,0,53598923,no_fill,False,0,26365745708094836964,14,2,426908986,TSLA
10667580874,10667580874,26365745708094836964,0,0,19,1803110400,0,1802505900,False,5,1802505600,0,0,53337905,no_fill,False,0,26365745708094836964,19,2,424830007,TSLA
9534380834,9534380834,26365745708094836964,0,0,24,1803715200,0,1803110700,False,6,1803110400,0,0,47671905,no_fill,False,0,26365745708094836964,24,2,379700995,TSLA
9381986856,9381986856,26365745708094836964,0,0,29,1804320000,0,1803715500,False,7,1803715200,0,0,46909935,no_fill,False,0,26365745708094836964,29,2,373631997,TSLA
8906348578,8906348578,26365745708094836964,0,0,33,1804924800,0,1804320300,False,8,1804320000,0,0,44531743,no_fill,False,0,26365745708094836964,33,2,354689988,TSLA
7724636467,7724636467,26365745708094836964,0,0,38,1805529600,0,1804925100,False,9,1804924800,0,0,38623183,no_fill,False,0,26365745708094836964,38,2,307629012,TSLA
6925490779,6925490779,26365745708094836964,0,0,43,1806134400,0,1805529900,False,10,1805529600,0,0,34627454,no_fill,False,0,26365745708094836964,43,2,275803515,TSLA
6590908999,6590908999,26365745708094836964,0,0,48,1806739200,0,1806134700,False,11,1806134400,0,0,32954545,no_fill,False,0,26365745708094836964,48,2,262478996,TSLA
6557424791,6557424791,26365745708094836964,0,0,53,1807344000,0,1806739500,False,12,1806739200,0,0,32787124,no_fill,False,0,26365745708094836964,53,2,261145508,TSLA
6948691959,6948691959,26365745708094836964,0,0,58,1807948800,0,1807344300,False,13,1807344000,0,0,34743460,no_fill,False,0,26365745708094836964,58,2,276727488,TSLA
6312750301,6312750301,26365745708094836964,0,0,63,1808553600,0,1807949100,False,14,1807948800,0,0,31563752,no_fill,False,0,26365745708094836964,63,2,251401493,TSLA
6652341235,6652341235,26365745708094836964,0,0,68,1809072000,0,1808553900,False,15,1808553600,0,0,28510034,no_fill,False,0,26365745708094836964,68,2,264925498,TSLA
6363899912,6363899912,26365745708094836964,0,0,72,1809763200,0,1809072300,False,16,1809072000,0,0,36365143,no_fill,False,0,26365745708094836964,72,2,253438495,TSLA
7512919561,7512919561,26365745708094836964,0,0,77,1810368000,0,1809763500,False,17,1809763200,0,0,37564598,no_fill,False,0,26365745708094836964,77,2,299197513,TSLA
7572505599,7572505599,26365745708094836964,0,0,82,1810972800,0,1810368300,False,18,1810368000,0,0,37862528,no_fill,False,0,26365745708094836964,82,2,301570492,TSLA
7863847572,7863847572,26365745708094836964,0,0,87,1811577600,0,1810973100,False,19,1810972800,0,0,39319238,no_fill,False,0,26365745708094836964,87,2,313173011,TSLA
9227483972,9227483972,26365745708094836964,0,0,92,1812182400,0,1811577900,False,20,1811577600,0,0,46137420,no_fill,False,0,26365745708094836964,92,2,367479012,TSLA
8946952052,8946952052,26365745708094836964,0,0,97,1812787200,0,1812182700,False,21,1812182400,0,0,44734761,no_fill,False,0,26365745708094836964,97,2,356306997,TSLA
9134676032,9134676032,26365745708094836964,0,0,101,1813392000,0,1812787500,False,22,1812787200,0,0,45673381,no_fill,False,0,26365745708094836964,101,2,363782992,TSLA
7781586574,7781586574,26365745708094836964,0,0,106,1813996800,0,1813392300,False,23,1813392000,0,0,38907933,no_fill,False,0,26365745708094836964,106,2,309897016,TSLA
8577040671,8577040671,26365745708094836964,0,0,111,1814601600,0,1813997100,False,24,1813996800,0,0,42885204,no_fill,False,0,26365745708094836964,111,2,341575498,TSLA
8493988733,8493988733,26365745708094836964,0,0,115,1815206400,0,1814601900,False,25,1814601600,0,0,42469944,no_fill,False,0,26365745708094836964,115,2,338268004,TSLA
8532746412,8532746412,26365745708094836964,0,0,120,1815724800,0,1815206700,False,26,1815206400,0,0,36568914,no_fill,False,0,26365745708094836964,120,2,339811506,TSLA
8314438069,8314438069,26365745708094836964,0,0,124,1816416000,0,1815725100,False,27,1815724800,0,0,47511075,no_fill,False,0,26365745708094836964,124,2,331117507,TSLA
8265925194,8265925194,26365745708094836964,0,0,129,1817020800,0,1816416300,False,28,1816416000,0,0,41329626,no_fill,False,0,26365745708094836964,129,2,329185511,TSLA
8691467911,8691467911,26365745708094836964,0,0,134,1817625600,0,1817021100,False,29,1817020800,0,0,43457340,no_fill,False,0,26365745708094836964,134,2,346132494,TSLA
8333157524,8333157524,26365745708094836964,0,0,139,1818230400,0,1817625900,False,30,1817625600,0,0,41665788,no_fill,False,0,26365745708094836964,139,2,331862998,TSLA
7979065752,7979065752,26365745708094836964,0,0,144,1818835200,0,1818230700,False,31,1818230400,0,0,39895329,no_fill,False,0,26365745708094836964,144,2,317761506,TSLA
8691467911,8691467911,26365745708094836964,0,0,149,1819440000,0,1818835500,False,32,1818835200,0,0,43457340,no_fill,False,0,26365745708094836964,149,2,346132494,TSLA
8715460836,8715460836,26365745708094836964,0,0,154,1820044800,0,1819440300,False,33,1819440000,0,0,43577305,no_fill,False,0,26365745708094836964,154,2,347087998,TSLA
8964617455,8964617455,26365745708094836964,0,0,159,1820649600,0,1820045100,False,34,1820044800,0,0,44823088,no_fill,False,0,26365745708094836964,159,2,357010511,TSLA
8802731390,8802731390,26365745708094836964,0,0,164,1821254400,0,1820649900,False,35,1820649600,0,0,44013657,no_fill,False,0,26365745708094836964,164,2,350563495,TSLA
9250158127,9250158127,26365745708094836964,0,0,168,1821859200,0,1821254700,False,36,1821254400,0,0,46250791,no_fill,False,0,26365745708094836964,168,2,368381997,TSLA
10439253419,10439253419,26365745708094836964,0,0,173,1822464000,0,1821859500,False,37,1821859200,0,0,52196268,no_fill,False,0,26365745708094836964,173,2,415737003,TSLA
11233653466,11233653466,26365745708094836964,0,0,178,1823068800,0,1822464300,False,38,1822464000,0,0,56168268,no_fill,False,0,26365745708094836964,178,2,447373508,TSLA
11611474249,11611474249,26365745708094836964,0,0,183,1823673600,0,1823069100,False,39,1823068800,0,0,58057372,no_fill,False,0,26365745708094836964,183,2,462419994,TSLA
11332788123,11332788123,26365745708094836964,0,0,188,1824278400,0,1823673900,False,40,1823673600,0,0,56663941,no_fill,False,0,26365745708094836964,188,2,451321486,TSLA
10901971935,10901971935,26365745708094836964,0,0,193,1824883200,0,1824278700,False,41,1824278400,0,0,54509860,no_fill,False,0,26365745708094836964,193,2,434164490,TSLA
11582735682,11582735682,26365745708094836964,0,0,198,1825488000,0,1824883500,False,42,1824883200,0,0,57913679,no_fill,False,0,26365745708094836964,198,2,461275498,TSLA
11435351260,11435351260,26365745708094836964,0,0,203,1826092800,0,1825488300,False,43,1825488000,0,0,57176757,no_fill,False,0,26365745708094836964,203,2,455406002,TSLA
12037544796,12037544796,26365745708094836964,0,0,208,1826697600,0,1826093100,False,44,1826092800,0,0,60187724,no_fill,False,0,26365745708094836964,208,2,479387998,TSLA
11324614806,11324614806,26365745708094836964,0,0,213,1827302400,0,1826697900,False,45,1826697600,0,0,56623075,no_fill,False,0,26365745708094836964,213,2,450995989,TSLA
10660989437,10660989437,26365745708094836964,0,0,218,1827907200,0,1827302700,False,46,1827302400,0,0,53304948,no_fill,False,0,26365745708094836964,218,2,424567507,TSLA
10311379392,10311379392,26365745708094836964,0,0,223,1828512000,0,1827907500,False,47,1827907200,0,0,51556897,no_fill,False,0,26365745708094836964,223,2,410644497,TSLA
11341753185,11341753185,26365745708094836964,0,0,227,1829116800,0,1828512300,False,48,1828512000,0,0,56708766,no_fill,False,0,26365745708094836964,227,2,451678515,TSLA
11996414297,11996414297,26365745708094836964,0,0,232,1829721600,0,1829117100,False,49,1829116800,0,0,59982072,no_fill,False,0,26365745708094836964,232,2,477750000,TSLA
12100822425,12100822425,26365745708094836964,0,0,237,1830326400,0,1829721900,False,50,1829721600,0,0,60504113,no_fill,False,0,26365745708094836964,237,2,481907992,TSLA
12687197156,12687197156,26365745708094836964,0,0,242,1830931200,0,1830326700,False,51,1830326400,0,0,63435986,no_fill,False,0,26365745708094836964,242,2,505260013,TSLA
12528738767,12528738767,26365745708094836964,0,0,246,1831363200,0,1830931500,False,52,1830931200,0,0,44745496,no_fill,False,0,26365745708094836964,246,2,498949503,TSLA
10464757061,10464757061,26365745708094836964,57142858,0,5,1800691200,394739990230000000000,1800000300,True,1,1800000000,0,0,57142858,physical,False,57142858,26365745708094836964,0,6,398243999,TSLA
11037149952,11037149952,0,11037149952,0,10,1801296000,426500000000000000000,1800691801,True,2,1800691501,0,316995623,52012173,physical,False,-264983450,26365745708094836964,5,5,414476990,TSLA
10464757061,10464757061,26365745708094836964,57142858,0,5,1800691200,394739990230000000000,1800000300,True,1,1800000000,0,0,57142858,premium_reinvest,False,57142858,26365745708094836964,0,6,398243999,TSLA
11040111809,11040111809,0,11040111809,0,10,1801296000,426500000000000000000,1800691801,True,2,1800691501,0,318730862,52296888,premium_reinvest,False,-266433974,26510072177188593874,5,5,414476990,TSLA
11037780249,11037780249,122250872215709261,10988075492,0,14,1801900800,406579986570000000000,1801296601,True,3,1801296301,0,0,260571,premium_reinvest,False,260571,122250872215709261,10,6,447825000,TSLA
11037786596,11037786596,122250872215709261,10988323893,0,19,1802505600,404600006100000000000,1801901401,True,4,1801901101,0,0,248401,premium_reinvest,False,248401,122250872215709261,14,6,426908986,TSLA
11032779443,11032779443,122250872215709261,10988571084,0,24,1803110400,361619995120000000000,1802506201,True,5,1802505901,0,0,247191,premium_reinvest,False,247191,122250872215709261,19,6,424830007,TSLA
11032293765,11032293765,122250872215709261,10988792016,0,29,1803715200,355839996340000000000,1803111001,True,6,1803110701,0,0,220932,premium_reinvest,False,220932,122250872215709261,24,6,379700995,TSLA
11030305760,11030305760,122250872215709261,10989009417,0,33,1804320000,337799987790000000000,1803715801,True,7,1803715501,0,0,217401,premium_reinvest,False,217401,122250872215709261,29,6,373631997,TSLA
11024877213,11024877213,125776366718510586,10988027252,0,38,1804924800,292980010990000000000,1804320601,True,8,1804320301,0,0,212331,premium_reinvest,False,212331,125776366718510586,33,6,354689988,TSLA
11021249090,11021249090,125776366718510586,10988211411,0,43,1805529600,262670013430000000000,1804925401,True,9,1804925101,0,0,184159,premium_reinvest,False,184159,125776366718510586,38,6,307629012,TSLA
11019818093,11019818093,125776366718510586,10988376518,0,48,1806134400,249979995730000000000,1805530201,True,10,1805529901,0,0,165107,premium_reinvest,False,165107,125776366718510586,43,6,275803515,TSLA
11019815489,11019815489,125776366718510586,10988533648,0,53,1806739200,248710006710000000000,1806135001,True,11,1806134701,0,0,157130,premium_reinvest,False,157130,125776366718510586,48,6,262478996,TSLA
11021535914,11021535914,0,11021535914,0,58,1807344000,263549987790000000000,1806739801,True,12,1806739501,0,302425,156332,premium_reinvest,False,-146093,125776366718510586,53,5,261145508,TSLA
10464757061,10464757061,26365745708094836964,57142858,0,5,1800691200,394739990230000000000,1800000300,True,1,1800000000,0,0,57142858,wheel,False,57142858,26365745708094836964,0,6,398243999,TSLA
11037149952,11037149952,0,11037149952,0,10,1801296000,426500000000000000000,1800691801,True,2,1800691501,0,316995623,52012173,wheel,False,-264983450,26365745708094836964,5,5,414476990,TSLA
11095211305,11095211305,0,11095211305,11037149952,14,1801900800,406579986570000000000,1801296601,True,3,1801296301,0,0,58061353,wheel,True,58061353,27240451538224224100,10,6,405175000,TSLA
11153578092,11153578092,0,11153578092,11095211305,19,1802505600,404600006100000000000,1801901401,True,4,1801901101,0,0,58366787,wheel,True,58366787,28725392758672743533,14,6,386250987,TSLA
10552096318,10552096318,29017816028594635005,58673828,11153578092,24,1803110400,361619995120000000000,1802506201,True,5,1802505901,0,660155602,58673828,wheel,True,-601481774,29017816028594635005,19,5,384370005,TSLA
10436814378,10436814378,29017816028594635005,111114829,0,29,1803715200,355839996340000000000,1803111001,True,6,1803110701,0,0,52441001,wheel,False,52441001,29017816028594635005,24,6,379700995,TSLA
9964935533,9964935533,29017816028594635005,162717633,0,33,1804320000,337799987790000000000,1803715801,True,7,1803715501,0,0,51602804,wheel,False,51602804,29017816028594635005,29,6,373631997,TSLA
8713344389,8713344389,29017816028594635005,211704331,0,38,1804924800,292980010990000000000,1804320601,True,8,1804320301,0,0,48986698,wheel,False,48986698,29017816028594635005,33,6,354689988,TSLA
7876301501,7876301501,29017816028594635005,254191376,0,43,1805529600,262670013430000000000,1804925401,True,9,1804925101,0,0,42487045,wheel,False,42487045,29017816028594635005,38,6,307629012,TSLA
7546156486,7546156486,29017816028594635005,292282960,0,48,1806134400,249979995730000000000,1805530201,True,10,1805529901,0,0,38091584,wheel,False,38091584,29017816028594635005,43,6,275803515,TSLA
7545555496,7545555496,29017816028594635005,328534277,0,53,1806739200,248710006710000000000,1806135001,True,11,1806134701,0,0,36251317,wheel,False,36251317,29017816028594635005,48,6,262478996,TSLA
7942473733,7942473733,0,7942473733,0,58,1807344000,263549987790000000000,1806739801,True,12,1806739501,0,69772752,36067148,wheel,False,-33705604,29017816028594635005,53,5,261145508,TSLA
7637130694,7637130694,31722629736379022602,41781689,7942473733,63,1807948800,239429992680000000000,1807344601,True,13,1807344301,0,347124728,41781689,wheel,True,-305343039,31722629736379022602,58,5,250372488,TSLA
8054856012,8054856012,0,8054856012,0,68,1808553600,252309997560000000000,1807949401,True,14,1807949101,0,28820153,37957845,wheel,False,9137692,31722629736379022602,63,5,251401493,TSLA
8091172610,8091172610,0,8091172610,8054856012,72,1809072000,241369995120000000000,1808554201,True,15,1808553901,0,0,36316598,wheel,True,36316598,33604676422754920401,68,6,239694497,TSLA
8139820124,8139820124,0,8139820124,8091172610,77,1809763200,284950012210000000000,1809072601,True,16,1809072301,0,0,48647514,wheel,True,48647514,35286174693278820532,72,6,229301495,TSLA
8182639962,8182639962,0,8182639962,8139820124,82,1810368000,287209991460000000000,1809763801,True,17,1809763501,0,0,42819838,wheel,True,42819838,30069244994923597143,77,6,270702511,TSLA
8225685055,8225685055,0,8225685055,8182639962,87,1810972800,298260009770000000000,1810368601,True,18,1810368301,0,0,43045093,wheel,True,43045093,29989573856306002784,82,6,272849491,TSLA
8268956588,8268956588,0,8268956588,8225685055,92,1811577600,349980010990000000000,1810973401,True,19,1810973101,0,0,43271533,wheel,True,43271533,29030428392487460490,87,6,283347009,TSLA
8312455753,8312455753,0,8312455753,8268956588,97,1812182400,339339996340000000000,1811578201,True,20,1811577901,0,0,43499165,wheel,True,43499165,24870462791243325445,92,6,332481010,TSLA
8356183747,8356183747,0,8356183747,8312455753,101,1812787200,346459991460000000000,1812183001,True,21,1812182701,0,0,43727994,wheel,True,43727994,25785211094418094498,97,6,322372996,TSLA
7537020979,7537020979,25388163516995876042,43958027,8356183747,106,1813392000,295140014650000000000,1812787801,True,22,1812787501,0,863120795,43958027,wheel,True,-819162768,25388163516995876042,101,5,329136991,TSLA
7949120812,7949120812,0,7949120812,0,111,1813996800,325309997560000000000,1813392601,True,23,1813392301,0,391307295,37446669,wheel,False,-353860626,25388163516995876042,106,5,309897016,TSLA
7990937469,7990937469,0,7990937469,7949120812,115,1814601600,322160003660000000000,1813997401,True,24,1813997101,0,0,41816657,wheel,True,41816657,25721606076680925336,111,6,309044497,TSLA
8032974104,8032974104,0,8032974104,7990937469,120,1815206400,323630004880000000000,1814602201,True,25,1814601901,0,0,42036635,wheel,True,42036635,26109737530454914225,115,6,306052003,TSLA
8069192044,8069192044,0,8069192044,8032974104,124,1815724800,315350006100000000000,1815207001,True,26,1815206701,0,0,36217940,wheel,True,36217940,26127868568194431676,120,6,307448504,TSLA
8117707402,8117707402,0,8117707402,8069192044,129,1816416000,313510009770000000000,1815725401,True,27,1815725101,0,0,48515358,wheel,True,48515358,26934790614692269830,124,6,299582505,TSLA
8160410915,8160410915,0,8160410915,8117707402,134,1817020800,329649993900000000000,1816416601,True,28,1816416301,0,0,42703513,wheel,True,42703513,27255765053068447484,129,6,297834509,TSLA
8203339071,8203339071,0,8203339071,8160410915,139,1817625600,316059997560000000000,1817021401,True,29,1817021101,0,0,42928156,wheel,True,42928156,26057656274504658519,134,6,313167494,TSLA
8246493053,8246493053,0,8246493053,8203339071,144,1818230400,302630004880000000000,1817626201,True,30,1817625901,0,0,43153982,wheel,True,43153982,27321058802836158386,139,6,300256997,TSLA
8289874048,8289874048,0,8289874048,8246493053,149,1818835200,329649993900000000000,1818231001,True,31,1818230701,0,0,43380995,wheel,True,43380995,28683603351897789353,144,6,287498504,TSLA
8333483250,8333483250,0,8333483250,8289874048,154,1819440000,330559997560000000000,1818835801,True,32,1818835501,0,0,43609202,wheel,True,43609202,26471055287749628318,149,6,313167494,TSLA
8377321860,8377321860,0,8377321860,8333483250,159,1820044800,340010009770000000000,1819440601,True,33,1819440301,0,0,43838610,wheel,True,43838610,26537051413904169771,154,6,314031997,TSLA
8421391085,8421391085,0,8421391085,8377321860,164,1820649600,333869995120000000000,1820045401,True,34,1820045101,0,0,44069225,wheel,True,44069225,25935217467545204683,159,6,323009509,TSLA
8465692138,8465692138,0,8465692138,8421391085,168,1821254400,350839996340000000000,1820650201,True,35,1820649901,0,0,44301053,wheel,True,44301053,26551119700720571995,164,6,317176495,TSLA
8510226238,8510226238,0,8510226238,8465692138,173,1821859200,395940002440000000000,1821255001,True,36,1821254701,0,0,44534100,wheel,True,44534100,25399769094321227181,168,6,333297996,TSLA
8554994611,8554994611,0,8554994611,8510226238,178,1822464000,426070007320000000000,1821859801,True,37,1821859501,0,0,44768373,wheel,True,44768373,22624975588406666675,173,6,376143002,TSLA
8599998490,8599998490,0,8599998490,8554994611,183,1823068800,440399993900000000000,1822464601,True,38,1822464301,0,0,45003879,wheel,True,45003879,21135628774086361780,178,6,404766506,TSLA
8645239114,8645239114,0,8645239114,8599998490,188,1823673600,429829986570000000000,1823069401,True,39,1823069101,0,0,45240624,wheel,True,45240624,20555472568795916183,183,6,418379994,TSLA
8690717728,8690717728,0,8690717728,8645239114,193,1824278400,413489990230000000000,1823674201,True,40,1823673901,0,0,45478614,wheel,True,45478614,21171746943363680533,188,6,408338487,TSLA
8736435584,8736435584,0,8736435584,8690717728,198,1824883200,439309997560000000000,1824279001,True,41,1824278701,0,0,45717856,wheel,True,45717856,22124172669463722013,193,6,392815490,TSLA
8782393940,8782393940,0,8782393940,8736435584,203,1825488000,433720001220000000000,1824883801,True,42,1824883501,0,0,45958356,wheel,True,45958356,20933391111659967568,198,6,417344497,TSLA
8828594062,8828594062,0,8828594062,8782393940,208,1826092800,456559997560000000000,1825488601,True,43,1825488301,0,0,46200122,wheel,True,46200122,21314731111231764584,203,6,412034001,TSLA
8789302000,8789302000,20354952189519926057,46443160,8828594062,213,1826697600,429519989010000000000,1826093401,True,44,1826093101,0,85735222,46443160,wheel,True,-39292062,20354952189519926057,208,5,433731997,TSLA
8320660740,8320660740,20354952189519926057,90135699,0,218,1827302400,404350006100000000000,1826698201,True,45,1826697901,0,0,43692539,wheel,False,43692539,20354952189519926057,213,6,450995989,TSLA
8091886021,8091886021,20354952189519926057,131267844,0,223,1827907200,391089996340000000000,1827303001,True,46,1827302701,0,0,41132145,wheel,False,41132145,20354952189519926057,218,6,424567507,TSLA
8529700230,8529700230,0,8529700230,0,227,1828512000,430170013430000000000,1827907801,True,47,1827907501,0,397440952,39783282,wheel,False,-357657670,20354952189519926057,223,5,410644497,TSLA
8574571047,8574571047,0,8574571047,8529700230,232,1829116800,455000000000000000000,1828512601,True,48,1828512301,0,0,44870817,wheel,True,44870817,20872286671322255568,227,6,408661512,TSLA
8619677909,8619677909,0,8619677909,8574571047,237,1829721600,458959991460000000000,1829117401,True,49,1829117101,0,0,45106862,wheel,True,45106862,19837064307692307692,232,6,432250000,TSLA
8665022057,8665022057,0,8665022057,8619677909,242,1830326400,481200012210000000000,1829722201,True,50,1829721901,0,0,45344148,wheel,True,45344148,19769359758273253544,237,6,436011991,TSLA
8710604740,8710604740,0,8710604740,8665022057,246,1830931200,475190002440000000000,1830327001,True,51,1830326701,0,0,45582683,wheel,True,45582683,18954853761422340255,242,6,457140011,TSLA
8710323486,8710323486,19295560892338639536,32723818,8710604740,249,1831363200,449720001220000000000,1830931801,True,52,1830931501,0,33005072,32723818,wheel,True,-281254,19295560892338639536,246,5,451430502,TSLA
10521899918,10521899918,26365745708094836964,114285715,0,5,1800691200,394739990230000000000,1800000300,True,1,1800000000,0,0,114285715,wheel_premium100,False,114285715,26365745708094836964,0,6,398243999,TSLA
11146304981,11146304981,0,11146304981,0,10,1801296000,426500000000000000000,1800691801,True,2,1800691501,0,316995623,104024345,wheel_premium100,False,-212971278,26365745708094836964,5,5,414476990,TSLA
11263576114,11263576114,0,11263576114,11146304981,14,1801900800,406579986570000000000,1801296601,True,3,1801296301,0,0,117271133,wheel_premium100,True,117271133,27509853719997531930,10,6,405175000,TSLA
11382081066,11382081066,0,11382081066,11263576114,19,1802505600,404600006100000000000,1801901401,True,4,1801901101,0,0,118504952,wheel_premium100,True,118504952,29161287590444396715,14,6,386250987,TSLA
10828152631,10828152631,29612303035977013867,119751752,11382081066,24,1803110400,361619995120000000000,1802506201,True,5,1802505901,0,673680187,119751752,wheel_premium100,True,-553928435,29612303035977013867,19,5,384370005,TSLA
10764024270,10764024270,29612303035977013867,226782467,0,29,1803715200,355839996340000000000,1803111001,True,6,1803110701,0,0,107030715,wheel_premium100,False,107030715,29612303035977013867,24,6,379700995,TSLA
10335138046,10335138046,29612303035977013867,332102443,0,33,1804320000,337799987790000000000,1803715801,True,7,1803715501,0,0,105319976,wheel_premium100,False,105319976,29612303035977013867,29,6,373631997,TSLA
9107895884,9107895884,29612303035977013867,432083016,0,38,1804924800,292980010990000000000,1804320601,True,8,1804320301,0,0,99980573,wheel_premium100,False,99980573,29612303035977013867,33,6,354689988,TSLA
8297062003,8297062003,29612303035977013867,518797967,0,43,1805529600,262670013430000000000,1804925401,True,9,1804925101,0,0,86714951,wheel_premium100,False,86714951,29612303035977013867,38,6,307629012,TSLA
7999025283,7999025283,29612303035977013867,596541897,0,48,1806134400,249979995730000000000,1805530201,True,10,1805529901,0,0,77743930,wheel_premium100,False,77743930,29612303035977013867,43,6,275803515,TSLA
8035405976,8035405976,29612303035977013867,670529890,0,53,1806739200,248710006710000000000,1806135001,True,11,1806134701,0,0,73987993,wheel_premium100,False,73987993,29612303035977013867,48,6,262478996,TSLA
8477261917,8477261917,0,8477261917,0,58,1807344000,263549987790000000000,1806739801,True,12,1806739501,0,71202183,73612107,wheel_premium100,False,2409924,29612303035977013867,53,5,261145508,TSLA
8195954271,8195954271,33858599979243725852,89189926,8477261917,63,1807948800,239429992680000000000,1807344601,True,13,1807344301,0,370497572,89189926,wheel_premium100,True,-281307646,33858599979243725852,58,5,250372488,TSLA
8682319810,8682319810,0,8682319810,0,68,1808553600,252309997560000000000,1807949401,True,14,1807949101,0,30760692,81027298,wheel_premium100,False,50266606,33858599979243725852,63,5,251401493,TSLA
8760611046,8760611046,0,8760611046,8682319810,72,1809072000,241369995120000000000,1808554201,True,15,1808553901,0,0,78291236,wheel_premium100,True,78291236,36222441143486076778,68,6,239694497,TSLA
8865955961,8865955961,0,8865955961,8760611046,77,1809763200,284950012210000000000,1809072601,True,16,1809072301,0,0,105344915,wheel_premium100,True,105344915,38205642950561661187,72,6,229301495,TSLA
8959235367,8959235367,0,8959235367,8865955961,82,1810368000,287209991460000000000,1809763801,True,17,1809763501,0,0,93279406,wheel_premium100,True,93279406,32751657634235982391,77,6,270702511,TSLA
9053496173,9053496173,0,9053496173,8959235367,87,1810972800,298260009770000000000,1810368601,True,18,1810368301,0,0,94260806,wheel_premium100,True,94260806,32835814844895569183,82,6,272849491,TSLA
9148748704,9148748704,0,9148748704,9053496173,92,1811577600,349980010990000000000,1810973401,True,19,1810973101,0,0,95252531,wheel_premium100,True,95252531,31951973676912890935,87,6,283347009,TSLA
9245003394,9245003394,0,9245003394,9148748704,97,1812182400,339339996340000000000,1811578201,True,20,1811577901,0,0,96254690,wheel_premium100,True,96254690,27516605246116161641,92,6,332481010,TSLA
9342270787,9342270787,0,9342270787,9245003394,101,1812787200,346459991460000000000,1812183001,True,21,1812182701,0,0,97267393,wheel_premium100,True,97267393,28677970886866715101,97,6,322372996,TSLA
8475586565,8475586565,28384141079420635524,98290751,9342270787,106,1813392000,295140014650000000000,1812787801,True,22,1812787501,0,964974973,98290751,wheel_premium100,True,-866684222,28384141079420635524,101,5,329136991,TSLA
8978182640,8978182640,0,8978182640,0,111,1813996800,325309997560000000000,1813392601,True,23,1813392301,0,437484242,83731266,wheel_premium100,False,-353752976,28384141079420635524,106,5,309897016,TSLA
9072642792,9072642792,0,9072642792,8978182640,115,1814601600,322160003660000000000,1813997401,True,24,1813997101,0,0,94460152,wheel_premium100,True,94460152,29051423750153363837,111,6,309044497,TSLA
9168096766,9168096766,0,9168096766,9072642792,120,1815206400,323630004880000000000,1814602201,True,25,1814601901,0,0,95453974,wheel_premium100,True,95453974,29644121597204511679,115,6,306052003,TSLA
9250768407,9250768407,0,9250768407,9168096766,124,1815724800,315350006100000000000,1815207001,True,26,1815206701,0,0,82671641,wheel_premium100,True,82671641,29819942678920955165,120,6,307448504,TSLA
9362007384,9362007384,0,9362007384,9250768407,129,1816416000,313510009770000000000,1815725401,True,27,1815725101,0,0,111238977,wheel_premium100,True,111238977,30878867265630214287,124,6,299582505,TSLA
9460505785,9460505785,0,9460505785,9362007384,134,1817020800,329649993900000000000,1816416601,True,28,1816416301,0,0,98498401,wheel_premium100,True,98498401,31433588456332976512,129,6,297834509,TSLA
9560040495,9560040495,0,9560040495,9460505785,139,1817625600,316059997560000000000,1817021401,True,29,1817021101,0,0,99534710,wheel_premium100,True,99534710,30209092470497592575,134,6,313167494,TSLA
9660622418,9660622418,0,9660622418,9560040495,144,1818230400,302630004880000000000,1817626201,True,30,1817625901,0,0,100581923,wheel_premium100,True,100581923,31839526107696334550,139,6,300256997,TSLA
9762262571,9762262571,0,9762262571,9660622418,149,1818835200,329649993900000000000,1818231001,True,31,1818230701,0,0,101640153,wheel_premium100,True,101640153,33602339781218478966,144,6,287498504,TSLA
9864972088,9864972088,0,9864972088,9762262571,154,1819440000,330559997560000000000,1818835801,True,32,1818835501,0,0,102709517,wheel_premium100,True,102709517,31172656032429725928,149,6,313167494,TSLA
9968762220,9968762220,0,9968762220,9864972088,159,1820044800,340010009770000000000,1819440601,True,33,1819440301,0,0,103790132,wheel_premium100,True,103790132,31413907443323363001,154,6,314031997,TSLA
10073644335,10073644335,0,10073644335,9968762220,164,1820649600,333869995120000000000,1820045401,True,34,1820045101,0,0,104882115,wheel_premium100,True,104882115,30862132359081725981,159,6,323009509,TSLA
10179629923,10179629923,0,10179629923,10073644335,168,1821254400,350839996340000000000,1820650201,True,35,1820649901,0,0,105985588,wheel_premium100,True,105985588,31760374724488963155,164,6,317176495,TSLA
10286730594,10286730594,0,10286730594,10179629923,173,1821859200,395940002440000000000,1821255001,True,36,1821254701,0,0,107100671,wheel_premium100,True,107100671,30542127601031240523,168,6,333297996,TSLA
10394958079,10394958079,0,10394958079,10286730594,178,1822464000,426070007320000000000,1821859801,True,37,1821859501,0,0,108227485,wheel_premium100,True,108227485,27347924962857610202,173,6,376143002,TSLA
10504324234,10504324234,0,10504324234,10394958079,183,1823068800,440399993900000000000,1822464601,True,38,1822464301,0,0,109366155,wheel_premium100,True,109366155,25681369196590589439,178,6,404766506,TSLA
10614841039,10614841039,0,10614841039,10504324234,188,1823673600,429829986570000000000,1823069401,True,39,1823069101,0,0,110516805,wheel_premium100,True,110516805,25107137971802733951,183,6,418379994,TSLA
10726520599,10726520599,0,10726520599,10614841039,193,1824278400,413489990230000000000,1823674201,True,40,1823673901,0,0,111679560,wheel_premium100,True,111679560,25995200983834766474,188,6,408338487,TSLA
10839375149,10839375149,0,10839375149,10726520599,198,1824883200,439309997560000000000,1824279001,True,41,1824278701,0,0,112854550,wheel_premium100,True,112854550,27306765827895432535,193,6,392815490,TSLA
10953417050,10953417050,0,10953417050,10839375149,203,1825488000,433720001220000000000,1824883801,True,42,1824883501,0,0,114041901,wheel_premium100,True,114041901,25972248890105767945,198,6,417344497,TSLA
11068658795,11068658795,0,11068658795,10953417050,208,1826092800,456559997560000000000,1825488601,True,43,1825488301,0,0,115241745,wheel_premium100,True,115241745,26583769842819355094,203,6,412034001,TSLA
11077624328,11077624328,25519580919920003042,116454212,11068658795,213,1826697600,429519989010000000000,1826093401,True,44,1826093101,0,107488679,116454212,wheel_premium100,True,8965533,25519580919920003042,208,5,433731997,TSLA
10544854062,10544854062,25519580919920003042,226011362,0,218,1827302400,404350006100000000000,1826698201,True,45,1826697901,0,0,109557150,wheel_premium100,False,109557150,25519580919920003042,213,6,450995989,TSLA
10309601242,10309601242,25519580919920003042,329148434,0,223,1827907200,391089996340000000000,1827303001,True,46,1827302701,0,0,103137072,wheel_premium100,False,103137072,25519580919920003042,218,6,424567507,TSLA
10908378762,10908378762,0,10908378762,0,227,1828512000,430170013430000000000,1827907801,True,47,1827907501,0,498282996,99754857,wheel_premium100,False,-398528139,25519580919920003042,223,5,410644497,TSLA
11023146656,11023146656,0,11023146656,10908378762,232,1829116800,455000000000000000000,1828512601,True,48,1828512301,0,0,114767894,wheel_premium100,True,114767894,26692943772987361726,227,6,408661512,TSLA
11139122031,11139122031,0,11139122031,11023146656,237,1829721600,458959991460000000000,1829117401,True,49,1829117101,0,0,115975375,wheel_premium100,True,115975375,25501785207634470792,232,6,432250000,TSLA
11256317592,11256317592,0,11256317592,11139122031,242,1830326400,481200012210000000000,1829722201,True,50,1829721901,0,0,117195561,wheel_premium100,True,117195561,25547742403717516108,237,6,436011991,TSLA
11374746177,11374746177,0,11374746177,11256317592,246,1830931200,475190002440000000000,1830327001,True,51,1830326701,0,0,118428585,wheel_premium100,True,118428585,24623348035925912422,242,6,457140011,TSLA
11417111310,11417111310,25197114786452777176,85464818,11374746177,249,1831363200,449720001220000000000,1830931801,True,52,1830931501,0,43099685,85464818,wheel_premium100,True,42365133,25197114786452777176,246,5,451430502,TSLA
10436185632,10436185632,26365745708094836964,28571429,0,5,1800691200,394739990230000000000,1800000300,True,1,1800000000,0,0,28571429,wheel_premium25,False,28571429,26365745708094836964,0,6,398243999,TSLA
10982585386,10982585386,0,10982585386,0,10,1801296000,426500000000000000000,1800691801,True,2,1800691501,0,316995623,26019036,wheel_premium25,False,-290976587,26365745708094836964,5,5,414476990,TSLA
11011486927,11011486927,0,11011486927,10982585386,14,1801900800,406579986570000000000,1801296601,True,3,1801296301,0,0,28901541,wheel_premium25,True,28901541,27105782405133584253,10,6,405175000,TSLA
11040464525,11040464525,0,11040464525,11011486927,19,1802505600,404600006100000000000,1801901401,True,4,1801901101,0,0,28977598,wheel_premium25,True,28977598,28508631168882941909,14,6,386250987,TSLA
10416057720,10416057720,28723533005651676696,29053855,11040464525,24,1803110400,361619995120000000000,1802506201,True,5,1802505901,0,653460660,29053855,wheel_premium25,True,-624406805,28723533005651676696,19,5,384370005,TSLA
10276003244,10276003244,28723533005651676696,55021365,0,29,1803715200,355839996340000000000,1803111001,True,6,1803110701,0,0,25967510,wheel_premium25,False,25967510,28723533005651676696,24,6,379700995,TSLA
9783382918,9783382918,28723533005651676696,80573820,0,33,1804320000,337799987790000000000,1803715801,True,7,1803715501,0,0,25552455,wheel_premium25,False,25552455,28723533005651676696,29,6,373631997,TSLA
8520251858,8520251858,28723533005651676696,104830843,0,38,1804924800,292980010990000000000,1804320601,True,8,1804320301,0,0,24257023,wheel_premium25,False,24257023,28723533005651676696,33,6,354689988,TSLA
7670680196,7670680196,28723533005651676696,125869396,0,43,1805529600,262670013430000000000,1804925401,True,9,1804925101,0,0,21038553,wheel_premium25,False,21038553,28723533005651676696,38,6,307629012,TSLA
7325040081,7325040081,28723533005651676696,144731423,0,48,1806134400,249979995730000000000,1805530201,True,10,1805529901,0,0,18862027,wheel_premium25,False,18862027,28723533005651676696,43,6,275803515,TSLA
7306512281,7306512281,28723533005651676696,162682195,0,53,1806739200,248710006710000000000,1806135001,True,11,1806134701,0,0,17950772,wheel_premium25,False,17950772,28723533005651676696,48,6,262478996,TSLA
7681563390,7681563390,0,7681563390,0,58,1807344000,263549987790000000000,1806739801,True,12,1806739501,0,69065153,17859576,wheel_premium25,False,-51205577,28723533005651676696,53,5,261145508,TSLA
7366056354,7366056354,30680541026536429993,20214641,7681563390,63,1807948800,239429992680000000000,1807344601,True,13,1807344301,0,335721677,20214641,wheel_premium25,True,-315507036,30680541026536429993,58,5,250372488,TSLA
7751713067,7751713067,0,7751713067,0,68,1808553600,252309997560000000000,1807949401,True,14,1807949101,0,27873410,18364605,wheel_premium25,False,-9508805,30680541026536429993,63,5,251401493,TSLA
7772112312,7772112312,0,7772112312,7751713067,72,1809072000,241369995120000000000,1808554201,True,15,1808553901,0,0,20399245,wheel_premium25,True,20399245,32339970938089579920,68,6,239694497,TSLA
7795476907,7795476907,0,7795476907,7772112312,77,1809763200,284950012210000000000,1809072601,True,16,1809072301,0,0,23364595,wheel_premium25,True,23364595,33894730219704847541,72,6,229301495,TSLA
7815991320,7815991320,0,7815991320,7795476907,82,1810368000,287209991460000000000,1809763801,True,17,1809763501,0,0,20514413,wheel_premium25,True,20514413,28797209446646026863,77,6,270702511,TSLA
7836559719,7836559719,0,7836559719,7815991320,87,1810972800,298260009770000000000,1810368601,True,18,1810368301,0,0,20568399,wheel_premium25,True,20568399,28645797693644955342,82,6,272849491,TSLA
7857182245,7857182245,0,7857182245,7836559719,92,1811577600,349980010990000000000,1810973401,True,19,1810973101,0,0,20622526,wheel_premium25,True,20622526,27657111139648557221,87,6,283347009,TSLA
7877859041,7877859041,0,7877859041,7857182245,97,1812182400,339339996340000000000,1811578201,True,20,1811577901,0,0,20676796,wheel_premium25,True,20676796,23631972980953107667,92,6,332481010,TSLA
7898590250,7898590250,0,7898590250,7877859041,101,1812787200,346459991460000000000,1812183001,True,21,1812182701,0,0,20731209,wheel_premium25,True,20731209,24437093487197668380,97,6,322372996,TSLA
7103520630,7103520630,23997880718305527682,20785764,7898590250,106,1813392000,295140014650000000000,1812787801,True,22,1812787501,0,815855384,20785764,wheel_premium25,True,-795069620,23997880718305527682,101,5,329136991,TSLA
7475364227,7475364227,0,7475364227,0,111,1813996800,325309997560000000000,1813392601,True,23,1813392301,0,369878892,17706838,wheel_premium25,False,-352172054,23997880718305527682,106,5,309897016,TSLA
7495036239,7495036239,0,7495036239,7475364227,115,1814601600,322160003660000000000,1813997401,True,24,1813997101,0,0,19672012,wheel_premium25,True,19672012,24188633997906133238,111,6,309044497,TSLA
7514760019,7514760019,0,7514760019,7495036239,120,1815206400,323630004880000000000,1814602201,True,25,1814601901,0,0,19723780,wheel_premium25,True,19723780,24489420639406826558,115,6,306052003,TSLA
7534535704,7534535704,0,7534535704,7514760019,124,1815724800,315350006100000000000,1815207001,True,26,1815206701,0,0,19775685,wheel_premium25,True,19775685,24442337240970930208,120,6,307448504,TSLA
7557186094,7557186094,0,7557186094,7534535704,129,1816416000,313510009770000000000,1815725401,True,27,1815725101,0,0,22650390,wheel_premium25,True,22650390,25150119176685567803,124,6,299582505,TSLA
7577073426,7577073426,0,7577073426,7557186094,134,1817020800,329649993900000000000,1816416601,True,28,1816416301,0,0,19887332,wheel_premium25,True,19887332,25373775924669629200,129,6,297834509,TSLA
7597013093,7597013093,0,7597013093,7577073426,139,1817625600,316059997560000000000,1817021401,True,29,1817021101,0,0,19939667,wheel_premium25,True,19939667,24194955003854902003,134,6,313167494,TSLA
7617005233,7617005233,0,7617005233,7597013093,144,1818230400,302630004880000000000,1817626201,True,30,1817625901,0,0,19992140,wheel_premium25,True,19992140,25301702104880506748,139,6,300256997,TSLA
7637049984,7637049984,0,7637049984,7617005233,149,1818835200,329649993900000000000,1818231001,True,31,1818230701,0,0,20044751,wheel_premium25,True,20044751,26494069106530029109,144,6,287498504,TSLA
7657147484,7657147484,0,7657147484,7637049984,154,1819440000,330559997560000000000,1818835801,True,32,1818835501,0,0,20097500,wheel_premium25,True,20097500,24386470915145490802,149,6,313167494,TSLA
7677297873,7677297873,0,7677297873,7657147484,159,1820044800,340010009770000000000,1819440601,True,33,1819440301,0,0,20150389,wheel_premium25,True,20150389,24383335319808191392,154,6,314031997,TSLA
7697501289,7697501289,0,7697501289,7677297873,164,1820649600,333869995120000000000,1820045401,True,34,1820045101,0,0,20203416,wheel_premium25,True,20203416,23768024343209041564,159,6,323009509,TSLA
7717757872,7717757872,0,7717757872,7697501289,168,1821254400,350839996340000000000,1820650201,True,35,1820649901,0,0,20256583,wheel_premium25,True,20256583,24268826380088474084,164,6,317176495,TSLA
7738067762,7738067762,0,7738067762,7717757872,173,1821859200,395940002440000000000,1821255001,True,36,1821254701,0,0,20309890,wheel_premium25,True,20309890,23155728401079255214,168,6,333297996,TSLA
7758431099,7758431099,0,7758431099,7738067762,178,1822464000,426070007320000000000,1821859801,True,37,1821859501,0,0,20363337,wheel_premium25,True,20363337,20572143362645890724,173,6,376143002,TSLA
7778848023,7778848023,0,7778848023,7758431099,183,1823068800,440399993900000000000,1822464601,True,38,1822464301,0,0,20416924,wheel_premium25,True,20416924,19167670703958889325,178,6,404766506,TSLA
7799318676,7799318676,0,7799318676,7778848023,188,1823673600,429829986570000000000,1823069401,True,39,1823069101,0,0,20470653,wheel_premium25,True,20470653,18592782003338333620,183,6,418379994,TSLA
7819843199,7819843199,0,7819843199,7799318676,193,1824278400,413489990230000000000,1823674201,True,40,1823673901,0,0,20524523,wheel_premium25,True,20524523,19100131200711433306,188,6,408338487,TSLA
7840421734,7840421734,0,7840421734,7819843199,198,1824883200,439309997560000000000,1824279001,True,41,1824278701,0,0,20578535,wheel_premium25,True,20578535,19907166081968916246,193,6,392815490,TSLA
7861054423,7861054423,0,7861054423,7840421734,203,1825488000,433720001220000000000,1824883801,True,42,1824883501,0,0,20632689,wheel_premium25,True,20632689,18786450499190360715,198,6,417344497,TSLA
7881741409,7881741409,0,7881741409,7861054423,208,1826092800,456559997560000000000,1825488601,True,43,1825488301,0,0,20686986,wheel_premium25,True,20686986,19078654683645877078,203,6,412034001,TSLA
7825942578,7825942578,18171915983869642893,20741425,7881741409,213,1826697600,429519989010000000000,1826093401,True,44,1826093101,0,76540256,20741425,wheel_premium25,True,-55798831,18171915983869642893,208,5,433731997,TSLA
7388068766,7388068766,18171915983869642893,40254428,0,218,1827302400,404350006100000000000,1826698201,True,45,1826697901,0,0,19513003,wheel_premium25,False,19513003,18171915983869642893,213,6,450995989,TSLA
7165478519,7165478519,18171915983869642893,58623964,0,223,1827907200,391089996340000000000,1827303001,True,46,1827302701,0,0,18369536,wheel_premium25,False,18369536,18171915983869642893,218,6,424567507,TSLA
7538588400,7538588400,0,7538588400,0,227,1828512000,430170013430000000000,1827907801,True,47,1827907501,0,354816043,17767137,wheel_premium25,False,-337048906,18171915983869642893,223,5,410644497,TSLA
7558426791,7558426791,0,7558426791,7538588400,232,1829116800,455000000000000000000,1828512601,True,48,1828512301,0,0,19838391,wheel_premium25,True,19838391,18447023217591384040,227,6,408661512,TSLA
7578317388,7578317388,0,7578317388,7558426791,237,1829721600,458959991460000000000,1829117401,True,49,1829117101,0,0,19890597,wheel_premium25,True,19890597,17486238961249277038,232,6,432250000,TSLA
7598260329,7598260329,0,7598260329,7578317388,242,1830326400,481200012210000000000,1829722201,True,50,1829721901,0,0,19942941,wheel_premium25,True,19942941,17380983882161167443,237,6,436011991,TSLA
7618255751,7618255751,0,7618255751,7598260329,246,1830931200,475190002440000000000,1830327001,True,51,1830326701,0,0,19995422,wheel_premium25,True,19995422,16621297952849723320,242,6,457140011,TSLA
7609437705,7609437705,16875810821928022931,20048042,7618255751,249,1831363200,449720001220000000000,1830931801,True,52,1830931501,0,28866088,20048042,wheel_premium25,True,-8818046,16875810821928022931,246,5,451430502,TSLA
